event_id,source_file,activity_label,algorithm_result,fall_type,confidence,peakG,minAcc,peakJerk,pitch,tilt,impactTilt,stillCount,movingCount,postGyro,highGyroFrac,highAccFrac,postSMA,ground_truth,lowGDurationMs,highGDurationMs,impactDurationMs,timeToStillMs,peakPostImpactGyro,gyroDecayRate,postMotionEnergy,postGyroVariance,pitchDelta,tiltDelta
1.0,Dataset 1 Object Picking (10 events.txt,0,0.0,0.0,0.68,1.89,0.49,31.64,64.85,31.4,,0,15.0,140.85,0.78,0.12,1.59,,,,,,,,,,,
2.0,Dataset 1 Object Picking (10 events.txt,0,0.0,0.0,0.84,2.49,0.47,86.21,-22.41,5.55,,32,0.0,123.9,0.76,0.04,1.51,,,,,,,,,,,
3.0,Dataset 1 Object Picking (10 events.txt,0,0.0,0.0,0.49,1.4,0.48,15.83,6.88,7.59,,92,0.0,28.43,0.12,0.0,1.37,,,,,,,,,,,
4.0,Dataset 1 Object Picking (10 events.txt,0,0.0,0.0,0.5,1.83,0.56,23.39,45.31,2.05,,0,29.0,156.48,0.94,0.11,1.7,,,,,,,,,,,
5.0,Dataset 1 Object Picking (10 events.txt,0,1.0,1.0,0.88,2.1,0.23,66.02,64.22,17.15,13.84,24,0.0,110.77,0.49,0.19,1.75,,,,,,,,,,,
6.0,Dataset 1 Object Picking (10 events.txt,0,1.0,3.0,0.85,4.32,3.46,66.41,65.06,47.78,7.81,66,0.0,70.07,0.33,0.07,2.25,,,,,,,,,,,
7.0,Dataset 1 Object Picking (10 events.txt,0,1.0,1.0,0.84,1.83,0.06,44.96,64.37,20.84,8.05,23,0.0,133.44,0.49,0.15,1.7,,,,,,,,,,,
8.0,Dataset 1 Object Picking (10 events.txt,0,0.0,0.0,0.76,4.32,0.98,302.66,54.38,53.57,,18,0.0,84.36,0.39,0.07,2.23,,,,,,,,,,,
9.0,Dataset 1 Object Picking (10 events.txt,0,0.0,0.0,0.56,2.07,1.59,30.92,27.05,58.51,,0,7.0,128.71,0.79,0.05,1.58,,,,,,,,,,,
10.0,Dataset 1 Object Picking (10 events.txt,0,0.0,0.0,0.44,1.53,0.13,14.46,64.4,1.99,,1,3.0,120.51,0.86,0.23,1.5,,,,,,,,,,,
11.0,Dataset 1 Object Picking (10 events.txt,0,0.0,0.0,0.47,1.55,0.32,12.51,76.01,10.36,,0,0.0,47.95,0.23,0.12,1.51,,,,,,,,,,,
12.0,Dataset 1 Object Picking (10 events.txt,0,1.0,1.0,0.86,1.87,0.23,32.6,63.24,3.36,11.85,28,0.0,88.29,0.49,0.11,1.38,,,,,,,,,,,
13.0,Dataset 1 Object Picking (10 events.txt,0,0.0,0.0,0.84,4.27,2.52,97.08,64.55,4.53,,15,0.0,74.45,0.63,0.02,2.18,,,,,,,,,,,
14.0,Dataset 1 Object Picking (10 events.txt,0,0.0,0.0,0.52,1.59,0.15,24.64,31.76,46.58,,0,24.0,141.44,0.93,0.2,1.66,,,,,,,,,,,
15.0,Dataset 1 Object Picking (10 events.txt,0,1.0,1.0,0.77,1.7,0.08,31.73,68.37,11.2,18.2,20,0.0,132.47,0.49,0.2,1.71,,,,,,,,,,,
16.0,Dataset 1 Object Picking (10 events.txt,0,0.0,0.0,0.65,3.6,3.06,174.77,66.85,55.32,,0,23.0,86.89,0.41,0.12,2.12,,,,,,,,,,,
17.0,Dataset 1 Object Picking (10 events.txt,0,0.0,0.0,0.6,2.24,1.45,39.81,42.32,7.66,,0,48.0,164.88,0.9,0.05,1.71,,,,,,,,,,,
18.0,Dataset 1 Object Picking (10 events.txt,0,0.0,0.0,0.52,1.37,0.96,22.4,61.5,18.13,,25,0.0,132.91,0.68,0.06,1.59,,,,,,,,,,,
19.0,Dataset 1 Object Picking (10 events.txt,0,0.0,0.0,0.82,1.75,0.7,30.3,67.62,3.91,,26,0.0,115.64,0.69,0.06,1.71,,,,,,,,,,,
20.0,Dataset 1 Object Picking (10 events.txt,0,0.0,0.0,0.45,1.81,1.63,20.39,60.79,4.63,,0,32.0,159.68,0.75,0.07,1.62,,,,,,,,,,,
21.0,Dataset 1 Object Picking (10 events.txt,0,1.0,1.0,0.72,1.53,0.53,38.55,74.42,0.98,2.59,15,0.0,59.64,0.48,0.0,1.88,,,,,,,,,,,
22.0,Dataset 1 Object Picking (10 events.txt,0,0.0,0.0,0.72,3.56,1.05,208.77,64.34,57.82,,8,20.0,98.16,0.49,0.1,2.03,,,,,,,,,,,
23.0,Dataset 1 Object Picking (10 events.txt,0,1.0,1.0,1.0,2.26,0.18,53.27,74.48,30.1,38.54,26,0.0,106.09,0.49,0.11,1.73,,,,,,,,,,,
24.0,Dataset 1 Object Picking (10 events.txt,0,0.0,0.0,0.68,2.53,1.11,119.3,68.16,48.91,,0,36.0,153.03,0.84,0.07,2.11,,,,,,,,,,,
25.0,Dataset 1 Object Picking (10 events.txt,0,1.0,2.0,0.81,2.68,0.69,97.51,58.54,4.85,9.75,11,0.0,51.31,0.35,0.22,1.72,,,,,,,,,,,
26.0,Dataset 1 Object Picking (10 events.txt,0,0.0,0.0,0.67,2.83,0.78,169.39,66.03,31.88,,0,27.0,109.72,0.58,0.23,2.02,,,,,,,,,,,
27.0,Dataset 1 Object Picking (10 events.txt,0,1.0,1.0,0.84,1.61,0.33,34.47,78.99,0.88,24.99,29,0.0,134.14,0.49,0.09,2.0,,,,,,,,,,,
28.0,Dataset 1 Object Picking (10 events.txt,0,1.0,3.0,0.89,2.76,1.34,118.34,77.25,16.35,9.88,50,0.0,9.2,0.0,0.02,2.23,,,,,,,,,,,
29.0,Dataset 1 Object Picking (10 events.txt,0,0.0,0.0,0.81,2.37,1.08,58.1,62.36,48.62,,31,0.0,150.16,0.68,0.13,1.92,,,,,,,,,,,
30.0,Dataset 1 Object Picking (10 events.txt,0,0.0,0.0,0.45,1.77,1.67,13.69,60.52,23.31,,0,0.0,87.95,0.43,0.05,1.65,,,,,,,,,,,
31.0,Dataset 1 Object Picking (10 events.txt,0,1.0,1.0,0.98,2.0,0.18,51.49,71.03,22.05,20.22,35,0.0,112.54,0.49,0.08,1.62,,,,,,,,,,,
32.0,Dataset 1 Object Picking (10 events.txt,0,0.0,0.0,0.68,2.77,0.62,195.5,26.57,40.21,,7,0.0,74.88,0.6,0.01,1.76,,,,,,,,,,,
33.0,Dataset 2 Fallout Push-Up (10 event.txt,1,0.0,0.0,0.74,2.92,0.56,66.91,62.26,4.44,,0,32.0,169.11,0.98,0.1,1.5,,,,,,,,,,,
34.0,Dataset 2 Fallout Push-Up (10 event.txt,1,0.0,0.0,0.67,1.51,0.75,24.28,70.29,12.68,,11,25.0,219.73,0.86,0.18,1.94,,,,,,,,,,,
35.0,Dataset 2 Fallout Push-Up (10 event.txt,1,0.0,0.0,0.85,2.21,0.99,21.18,73.2,17.6,,11,32.0,254.54,0.85,0.22,2.07,,,,,,,,,,,
36.0,Dataset 2 Fallout Push-Up (10 event.txt,1,0.0,0.0,0.57,1.74,1.22,13.96,62.69,33.52,,3,0.0,148.62,0.87,0.02,1.68,,,,,,,,,,,
37.0,Dataset 2 Fallout Push-Up (10 event.txt,1,0.0,0.0,0.76,2.56,0.65,75.99,67.06,14.52,,0,76.0,345.56,0.98,0.24,2.02,,,,,,,,,,,
38.0,Dataset 2 Fallout Push-Up (10 event.txt,1,0.0,0.0,0.8,1.87,0.19,41.48,43.59,12.31,,70,0.0,61.75,0.23,0.16,2.14,,,,,,,,,,,
39.0,Dataset 2 Fallout Push-Up (10 event.txt,1,0.0,0.0,0.49,1.78,1.58,10.09,60.67,35.28,,6,0.0,95.92,0.67,0.09,1.54,,,,,,,,,,,
40.0,Dataset 2 Fallout Push-Up (10 event.txt,1,0.0,0.0,0.78,1.82,0.55,41.39,24.41,0.48,,36,0.0,80.75,0.4,0.03,1.57,,,,,,,,,,,
41.0,Dataset 2 Fallout Push-Up (10 event.txt,1,0.0,0.0,0.72,3.19,0.81,198.78,20.08,90.95,,1,0.0,97.16,0.49,0.0,1.54,,,,,,,,,,,
42.0,Dataset 2 Fallout Push-Up (10 event.txt,1,0.0,0.0,0.78,1.83,0.32,49.47,26.28,48.99,,97,0.0,48.57,0.1,0.01,1.5,,,,,,,,,,,
43.0,Dataset 2 Fallout Push-Up (10 event.txt,1,0.0,0.0,0.39,1.25,0.68,25.13,41.84,11.69,,0,2.0,49.52,0.22,0.0,1.44,,,,,,,,,,,
44.0,Dataset 2 Fallout Push-Up (10 event.txt,1,1.0,1.0,0.81,1.72,0.7,24.37,77.03,17.87,1.47,44,0.0,127.53,0.49,0.08,1.69,,,,,,,,,,,
45.0,Dataset 2 Fallout Push-Up (10 event.txt,1,0.0,0.0,0.68,4.51,3.34,96.95,72.27,5.37,,0,15.0,173.43,0.84,0.2,2.32,,,,,,,,,,,
46.0,Dataset 2 Fallout Push-Up (10 event.txt,1,0.0,0.0,0.35,1.44,1.16,24.17,59.49,12.66,,2,15.0,70.22,0.29,0.09,1.5,,,,,,,,,,,
47.0,Dataset 2 Fallout Push-Up (10 event.txt,1,0.0,0.0,0.56,1.67,0.83,29.45,68.93,10.11,,0,25.0,214.43,0.81,0.11,1.65,,,,,,,,,,,
48.0,Dataset 2 Fallout Push-Up (10 event.txt,1,0.0,0.0,0.71,1.59,0.58,16.7,83.7,5.04,,20,0.0,83.36,0.72,0.0,1.3,,,,,,,,,,,
49.0,Dataset 2 Fallout Push-Up (10 event.txt,1,0.0,0.0,0.53,1.65,1.29,18.71,59.73,5.77,,32,0.0,54.88,0.32,0.0,1.52,,,,,,,,,,,
50.0,Dataset 2 Fallout Push-Up (10 event.txt,1,0.0,0.0,0.84,1.91,1.18,33.78,76.26,2.81,,94,0.0,31.47,0.07,0.03,1.6,,,,,,,,,,,
51.0,Dataset 2 Fallout Push-Up (10 event.txt,1,1.0,2.0,0.86,4.36,1.08,244.46,78.68,11.65,28.12,13,0.0,89.22,0.44,0.2,2.04,,,,,,,,,,,
52.0,Dataset 2 Fallout Push-Up (10 event.txt,1,0.0,0.0,0.78,4.27,1.3,228.61,78.35,1.85,,0,0.0,78.07,0.62,0.03,2.12,,,,,,,,,,,
53.0,Dataset 2 Fallout Push-Up (10 event.txt,1,0.0,0.0,0.81,1.74,0.11,27.85,68.88,2.48,,26,0.0,121.32,0.51,0.24,2.29,,,,,,,,,,,
54.0,Dataset 2 Fallout Push-Up (10 event.txt,1,0.0,0.0,0.46,1.45,1.05,15.23,79.87,13.61,,0,8.0,96.39,0.6,0.04,1.34,,,,,,,,,,,
55.0,Dataset 2 Fallout Push-Up (10 event.txt,1,0.0,0.0,0.43,1.61,1.11,13.63,77.25,16.2,,0,12.0,125.82,0.89,0.02,1.4,,,,,,,,,,,
56.0,Dataset 2 Fallout Push-Up (10 event.txt,1,0.0,0.0,0.51,1.53,0.73,17.57,65.8,25.96,,0,0.0,53.36,0.2,0.0,1.37,,,,,,,,,,,
57.0,Dataset 2 Fallout Push-Up (10 event.txt,1,1.0,1.0,0.72,2.37,0.6,52.97,67.06,6.11,44.26,8,0.0,127.17,0.38,0.24,2.03,,,,,,,,,,,
58.0,Dataset 2 Fallout Push-Up (10 event.txt,1,0.0,0.0,0.77,4.14,1.99,178.85,76.22,57.65,,0,0.0,68.14,0.5,0.06,2.15,,,,,,,,,,,
59.0,Dataset 2 Fallout Push-Up (10 event.txt,1,1.0,1.0,0.89,1.76,0.42,40.77,71.19,6.41,43.44,24,0.0,90.22,0.37,0.24,1.97,,,,,,,,,,,
60.0,Dataset 2 Fallout Push-Up (10 event.txt,1,1.0,3.0,0.87,2.98,1.31,117.08,69.94,60.16,12.04,67,0.0,39.34,0.18,0.05,2.24,,,,,,,,,,,
61.0,Dataset 2 Fallout Push-Up (10 event.txt,1,1.0,1.0,0.8,1.76,0.51,24.83,71.24,8.67,12.36,32,0.0,60.23,0.3,0.25,1.9,,,,,,,,,,,
62.0,Dataset 2 Fallout Push-Up (10 event.txt,1,1.0,3.0,0.89,3.53,2.8,156.98,77.67,45.2,5.16,60,0.0,23.03,0.07,0.04,2.24,,,,,,,,,,,
63.0,Dataset 2 Fallout Push-Up (10 event.txt,1,0.0,0.0,0.66,1.6,1.3,22.51,77.98,2.59,,63,0.0,39.09,0.19,0.01,1.36,,,,,,,,,,,
64.0,Dataset 2 Fallout Push-Up (10 event.txt,1,1.0,1.0,0.92,2.21,0.2,83.52,76.66,7.57,8.76,24,0.0,76.71,0.49,0.22,1.56,,,,,,,,,,,
65.0,Dataset 2 Fallout Push-Up (10 event.txt,1,1.0,3.0,0.89,2.99,1.51,163.62,78.82,26.59,15.67,56,0.0,2.65,0.0,0.05,2.24,,,,,,,,,,,
66.0,Dataset 2 Fallout Push-Up (10 event.txt,1,1.0,2.0,0.88,2.08,0.1,77.91,55.48,4.23,2.09,26,0.0,74.4,0.45,0.16,1.67,,,,,,,,,,,
67.0,Dataset 2 Fallout Push-Up (10 event.txt,1,0.0,0.0,0.87,3.02,1.01,166.88,74.02,34.97,,10,0.0,113.78,0.57,0.02,1.97,,,,,,,,,,,
68.0,Dataset 2 Fallout Push-Up (10 event.txt,1,0.0,0.0,0.71,1.55,0.96,23.24,80.42,9.69,,54,0.0,56.85,0.4,0.0,1.31,,,,,,,,,,,
69.0,Dataset 2 Fallout Push-Up (10 event.txt,1,0.0,0.0,0.8,1.73,0.68,21.26,76.37,14.2,,61,0.0,59.51,0.39,0.01,1.38,,,,,,,,,,,
70.0,Dataset 2 Fallout Push-Up (10 event.txt,1,0.0,0.0,0.61,1.52,0.88,18.7,80.33,0.13,,0,0.0,65.55,0.34,0.0,1.33,,,,,,,,,,,
71.0,Dataset 2 Fallout Push-Up (10 event.txt,1,0.0,0.0,0.85,2.52,0.59,95.52,18.81,33.39,,80,0.0,86.77,0.32,0.09,1.86,,,,,,,,,,,
72.0,Dataset 2 Fallout Push-Up (10 event.txt,1,0.0,0.0,0.73,1.7,0.64,19.96,79.31,21.28,,8,0.0,117.76,0.81,0.03,1.36,,,,,,,,,,,
73.0,Dataset 2 Fallout Push-Up (10 event.txt,1,0.0,0.0,0.61,1.53,0.67,17.59,82.43,8.52,,18,0.0,73.6,0.7,0.0,1.3,,,,,,,,,,,
74.0,Dataset 2 Fallout Push-Up (10 event.txt,1,0.0,0.0,0.58,1.4,0.83,14.36,71.92,14.44,,63,0.0,126.52,0.48,0.09,1.68,,,,,,,,,,,
75.0,Dataset 2 Fallout Push-Up (10 event.txt,1,0.0,0.0,0.68,1.48,0.9,18.3,79.16,8.43,,17,0.0,182.73,0.8,0.08,1.7,,,,,,,,,,,
76.0,Dataset 2 Fallout Push-Up (10 event.txt,1,1.0,1.0,0.81,1.84,0.3,72.29,67.52,18.31,27.69,12,0.0,111.54,0.41,0.24,1.82,,,,,,,,,,,
77.0,Dataset 2 Fallout Push-Up (10 event.txt,1,1.0,3.0,0.91,2.75,0.87,170.81,79.12,15.32,13.06,49,0.0,39.64,0.13,0.02,2.24,,,,,,,,,,,
78.0,Dataset 2 Fallout Push-Up (10 event.txt,1,0.0,0.0,0.69,1.92,0.95,18.78,69.7,11.53,,4,51.0,297.92,0.93,0.43,2.42,,,,,,,,,,,
79.0,Dataset 2 Fallout Push-Up (10 event.txt,1,1.0,1.0,0.86,4.22,0.44,221.78,70.88,23.18,18.84,10,0.0,57.58,0.24,0.24,1.66,,,,,,,,,,,
80.0,Dataset 2 Fallout Push-Up (10 event.txt,1,1.0,3.0,0.89,2.65,0.98,115.68,77.44,32.7,8.14,49,0.0,5.51,0.0,0.04,2.25,,,,,,,,,,,
81.0,Dataset 2 Fallout Push-Up (10 event.txt,1,0.0,0.0,0.54,1.58,1.34,8.85,81.44,5.5,,44,0.0,75.61,0.58,0.0,1.3,,,,,,,,,,,
82.0,Dataset 2 Fallout Push-Up (10 event.txt,1,1.0,1.0,0.98,3.68,0.06,187.6,72.09,11.57,41.33,28,0.0,86.08,0.49,0.19,1.97,,,,,,,,,,,
83.0,Dataset 2 Fallout Push-Up (10 event.txt,1,0.0,0.0,0.73,2.28,0.34,108.19,-1.46,17.22,,95,0.0,40.84,0.09,0.02,1.66,,,,,,,,,,,
84.0,Fallout Pushup on sofa (which is hi.txt,1,1.0,1.0,0.9,4.4,0.46,187.96,81.05,,,16,,65.26,0.48,0.16,1.57,,,,,,,,,,,
85.0,Fallout Pushup on sofa (which is hi.txt,1,0.0,0.0,0.81,4.11,3.09,105.77,72.1,45.85,,5,0.0,114.32,0.62,0.03,2.2,,,,,,,,,,,
86.0,Fallout Pushup on sofa (which is hi.txt,1,1.0,1.0,0.75,1.74,0.77,24.61,80.94,,,12,,63.23,0.47,0.05,1.39,,,,,,,,,,,
87.0,Fallout Pushup on sofa (which is hi.txt,1,0.0,0.0,0.86,3.49,1.02,235.19,68.37,60.37,,52,0.0,50.7,0.39,0.03,2.18,,,,,,,,,,,
88.0,Fallout Pushup on sofa (which is hi.txt,1,1.0,1.0,0.72,1.63,0.79,24.95,75.37,,,11,,25.85,0.0,0.0,1.35,,,,,,,,,,,
89.0,Fallout Pushup on sofa (which is hi.txt,1,1.0,1.0,0.99,4.93,0.47,254.85,78.28,,,28,,72.96,0.49,0.13,1.77,,,,,,,,,,,
90.0,Fallout Pushup on sofa (which is hi.txt,1,0.0,0.0,0.8,1.43,0.33,75.11,81.88,14.63,,85,0.0,44.25,0.19,0.07,1.54,,,,,,,,,,,
91.0,Fallout Pushup on sofa (which is hi.txt,1,0.0,0.0,0.85,2.23,0.75,35.82,73.76,23.34,,0,5.0,143.17,0.9,0.02,1.42,,,,,,,,,,,
92.0,Fallout Pushup on sofa (which is hi.txt,1,1.0,1.0,0.92,2.66,0.15,101.81,67.55,,,8,,90.34,0.49,0.14,1.69,,,,,,,,,,,
93.0,Fallout Pushup on sofa (which is hi.txt,1,0.0,0.0,0.69,1.49,1.07,20.29,76.69,3.44,,44,0.0,58.65,0.37,0.0,1.4,,,,,,,,,,,
94.0,Fallout Pushup on sofa (which is hi.txt,1,1.0,1.0,0.85,4.03,0.4,263.2,72.23,,,20,,94.8,0.49,0.19,1.82,,,,,,,,,,,
95.0,Fallout Pushup on sofa (which is hi.txt,1,0.0,0.0,0.58,1.38,0.6,22.75,75.91,8.06,,3,0.0,105.77,0.81,0.0,1.35,,,,,,,,,,,
96.0,Fallout Pushup on sofa (which is hi.txt,1,1.0,1.0,0.99,4.05,0.3,211.01,78.02,,,22,,83.55,0.49,0.19,1.79,,,,,,,,,,,
97.0,Fallout Pushup on sofa (which is hi.txt,1,0.0,0.0,0.86,2.61,0.9,124.56,68.15,1.88,,38,0.0,66.56,0.41,0.05,2.01,,,,,,,,,,,
98.0,Fallout Pushup on sofa (which is hi.txt,1,1.0,1.0,0.75,1.86,0.19,37.22,67.74,,,4,,111.19,0.48,0.23,1.91,,,,,,,,,,,
99.0,Fallout Pushup on sofa (which is hi.txt,1,1.0,2.0,0.84,2.37,0.97,127.29,64.57,,,34,,87.6,0.45,0.03,1.98,,,,,,,,,,,
100.0,Fallout Pushup on sofa (which is hi.txt,1,0.0,0.0,0.66,1.42,0.89,18.11,73.14,14.29,,97,0.0,41.3,0.17,0.0,1.45,,,,,,,,,,,
101.0,Fallout Pushup on sofa (which is hi.txt,1,1.0,1.0,0.85,1.6,0.13,49.92,79.07,,,31,,82.98,0.41,0.23,2.1,,,,,,,,,,,
102.0,Fallout Pushup on sofa (which is hi.txt,1,0.0,0.0,0.74,2.81,0.27,100.9,22.62,29.67,,20,0.0,55.54,0.35,0.04,2.07,,,,,,,,,,,
103.0,Fallout Pushup on sofa (which is hi.txt,1,0.0,0.0,0.31,1.56,0.67,19.07,37.75,37.93,,0,0.0,114.29,0.64,0.04,1.58,,,,,,,,,,,
104.0,Fallout Pushup on sofa (which is hi.txt,1,0.0,0.0,0.61,1.76,0.37,27.08,65.75,4.15,,1,0.0,131.45,1.0,0.18,1.11,,,,,,,,,,,
105.0,Fallout Pushup on sofa (which is hi.txt,1,0.0,0.0,0.77,1.36,0.22,61.78,79.87,6.25,,77,0.0,38.48,0.2,0.09,1.67,,,,,,,,,,,
106.0,Fallout Pushup on sofa (which is hi.txt,1,1.0,1.0,0.98,4.99,0.13,204.81,78.9,,,21,,87.64,0.49,0.15,1.7,,,,,,,,,,,
107.0,Fallout Pushup on sofa (which is hi.txt,1,1.0,3.0,0.88,2.54,1.81,102.63,71.06,,,58,,10.32,0.0,0.03,2.24,,,,,,,,,,,
108.0,Fallout Pushup on sofa (which is hi.txt,1,0.0,0.0,0.49,1.65,0.51,10.5,75.52,16.02,,0,30.0,170.11,0.92,0.15,1.49,,,,,,,,,,,
109.0,Fallout Pushup on sofa (which is hi.txt,1,0.0,0.0,0.47,1.73,1.68,5.67,79.85,3.56,,0,7.0,147.97,0.92,0.02,1.4,,,,,,,,,,,
110.0,Fallout Pushup on sofa (which is hi.txt,1,0.0,0.0,0.57,1.59,1.01,15.05,74.95,5.67,,0,48.0,228.77,0.97,0.07,1.61,,,,,,,,,,,
111.0,Fallout Pushup on sofa (which is hi.txt,1,0.0,0.0,0.67,1.59,0.68,25.01,56.99,26.46,,19,0.0,78.37,0.55,0.0,1.61,,,,,,,,,,,
112.0,Fallout Pushup on sofa (which is hi.txt,1,0.0,0.0,0.66,1.27,0.91,30.1,70.1,18.16,,19,0.0,51.91,0.29,0.0,1.5,,,,,,,,,,,
113.0,Fallout Pushup on sofa (which is hi.txt,1,1.0,1.0,0.95,3.86,0.09,207.79,71.48,,,20,,90.68,0.49,0.23,1.74,,,,,,,,,,,
114.0,Fallout Pushup on sofa (which is hi.txt,1,1.0,3.0,0.86,2.22,0.96,91.98,65.28,,,59,,42.47,0.29,0.06,2.24,,,,,,,,,,,
115.0,Fallout Pushup on sofa (which is hi.txt,1,1.0,1.0,0.96,3.53,0.24,267.12,67.44,,,27,,65.13,0.49,0.15,1.7,,,,,,,,,,,
116.0,Fallout Pushup on sofa (which is hi.txt,1,0.0,0.0,0.71,1.81,1.51,26.55,71.4,22.06,,13,0.0,61.42,0.44,0.03,2.1,,,,,,,,,,,
117.0,Fallout Pushup on sofa (which is hi.txt,1,0.0,0.0,0.82,2.09,1.36,43.54,65.58,1.55,,16,0.0,182.52,0.83,0.16,1.91,,,,,,,,,,,
118.0,Fallout Pushup on sofa (which is hi.txt,1,0.0,0.0,0.47,1.38,0.78,49.55,68.3,44.85,,0,39.0,201.73,0.73,0.13,1.7,,,,,,,,,,,
119.0,Fallout Pushup on sofa (which is hi.txt,1,1.0,1.0,0.93,4.49,0.16,220.09,71.3,,,8,,75.35,0.49,0.09,1.68,,,,,,,,,,,
120.0,Fallout Pushup on sofa (which is hi.txt,1,0.0,0.0,0.58,1.42,0.86,19.85,55.44,28.28,,79,0.0,40.53,0.2,0.0,1.58,,,,,,,,,,,
121.0,Jumping data.txt,0,0.0,0.0,0.37,1.65,0.76,17.96,58.42,32.84,,0,15.0,146.11,0.78,0.32,1.53,,,,,,,,,,,
122.0,Jumping data.txt,0,0.0,0.0,0.69,2.97,0.05,435.18,53.44,11.19,,0,9.0,156.44,0.82,0.29,1.82,,,,,,,,,,,
123.0,Jumping data.txt,0,0.0,0.0,0.58,4.43,3.13,118.79,52.11,3.3,,0,12.0,169.15,0.89,0.24,1.73,,,,,,,,,,,
124.0,Jumping data.txt,0,0.0,0.0,0.65,1.74,1.36,18.22,78.68,10.76,,72,0.0,50.41,0.33,0.03,1.56,,,,,,,,,,,
125.0,Jumping data.txt,0,0.0,0.0,0.78,2.6,0.15,92.71,68.94,1.58,,1,0.0,138.99,0.87,0.23,1.59,,,,,,,,,,,
126.0,Jumping data.txt,0,0.0,0.0,0.81,3.1,0.42,133.07,55.31,1.59,,22,9.0,194.13,0.86,0.24,2.14,,,,,,,,,,,
127.0,Jumping data.txt,0,0.0,0.0,0.87,2.9,0.44,104.23,68.38,2.77,,12,0.0,151.11,0.84,0.27,1.71,,,,,,,,,,,
128.0,Jumping data.txt,0,0.0,0.0,0.78,3.19,0.21,124.13,70.72,4.44,,0,28.0,180.96,0.97,0.3,1.6,,,,,,,,,,,
129.0,Jumping data.txt,0,0.0,0.0,0.74,1.95,0.32,62.01,66.84,8.15,,0,56.0,230.26,0.98,0.36,1.76,,,,,,,,,,,
130.0,Jumping data.txt,0,0.0,0.0,0.79,2.0,0.32,59.65,72.32,12.16,,0,56.0,210.69,0.98,0.3,1.72,,,,,,,,,,,
131.0,Jumping data.txt,0,0.0,0.0,0.63,1.58,0.3,37.83,71.26,0.67,,0,27.0,180.19,0.98,0.28,1.7,,,,,,,,,,,
132.0,Jumping data.txt,0,0.0,0.0,0.79,3.9,1.9,91.48,81.09,2.93,,0,5.0,119.93,0.73,0.0,1.54,,,,,,,,,,,
133.0,Jumping data.txt,0,0.0,0.0,0.73,2.5,0.11,80.53,60.09,7.65,,0,33.0,197.48,1.0,0.32,1.57,,,,,,,,,,,
134.0,Jumping data.txt,0,0.0,0.0,0.76,1.94,1.12,94.59,82.57,7.71,,0,11.0,150.43,0.89,0.07,1.64,,,,,,,,,,,
135.0,Jumping data.txt,0,0.0,0.0,0.51,1.59,0.57,9.72,80.9,5.84,,0,2.0,110.42,0.81,0.05,1.35,,,,,,,,,,,
136.0,Jumping data.txt,0,0.0,0.0,0.73,1.94,0.45,35.62,67.95,5.72,,0,22.0,187.61,0.95,0.33,1.7,,,,,,,,,,,
137.0,Jumping data.txt,0,0.0,0.0,0.89,3.01,1.83,40.25,82.15,5.9,,36,0.0,113.78,0.59,0.01,1.55,,,,,,,,,,,
138.0,Jumping data.txt,0,0.0,0.0,0.67,4.05,0.19,155.0,49.92,6.46,,0,5.0,137.4,0.9,0.3,1.67,,,,,,,,,,,
139.0,Jumping data.txt,0,0.0,0.0,0.77,2.43,1.5,55.7,80.13,3.43,,0,17.0,192.22,0.98,0.0,1.59,,,,,,,,,,,
140.0,Jumping data.txt,0,0.0,0.0,0.77,2.12,0.96,32.16,78.79,0.86,,0,4.0,79.84,0.42,0.07,1.39,,,,,,,,,,,
141.0,Jumping data.txt,0,0.0,0.0,0.61,4.07,2.36,41.67,58.06,2.44,,0,17.0,154.95,0.85,0.27,1.74,,,,,,,,,,,
142.0,Jumping data.txt,0,0.0,0.0,0.67,1.53,0.52,14.05,77.6,3.82,,97,0.0,41.22,0.29,0.02,1.38,,,,,,,,,,,
143.0,Jumping data.txt,0,0.0,0.0,0.63,1.72,0.38,31.61,67.67,8.08,,0,12.0,182.13,0.94,0.37,1.64,,,,,,,,,,,
144.0,Jumping data.txt,0,0.0,0.0,0.63,3.49,1.34,61.24,61.93,7.35,,0,30.0,172.89,0.94,0.31,1.66,,,,,,,,,,,
145.0,Jumping data.txt,0,0.0,0.0,0.72,1.97,1.19,20.18,82.97,5.83,,1,16.0,169.72,0.94,0.1,1.53,,,,,,,,,,,
146.0,Jumping data.txt,0,0.0,0.0,0.51,1.52,0.69,7.14,71.32,71.19,,0,0.0,97.81,0.76,0.18,1.55,,,,,,,,,,,
147.0,Jumping data.txt,0,0.0,0.0,0.85,4.54,0.15,200.32,79.09,55.23,,8,4.0,176.44,0.86,0.2,1.59,,,,,,,,,,,
148.0,Jumping data.txt,0,0.0,0.0,0.63,1.72,0.27,29.38,70.01,0.97,,0,20.0,137.98,0.92,0.34,1.6,,,,,,,,,,,
149.0,Jumping data.txt,0,0.0,0.0,0.64,1.65,0.14,36.49,66.61,4.9,,0,12.0,199.63,0.97,0.31,1.63,,,,,,,,,,,
150.0,Jumping data.txt,0,0.0,0.0,0.53,1.34,1.02,23.11,68.34,11.66,,0,19.0,112.33,0.49,0.01,1.5,,,,,,,,,,,
151.0,Jumping data.txt,0,0.0,0.0,0.8,2.36,0.13,70.15,75.48,4.13,,0,35.0,175.62,0.96,0.32,1.59,,,,,,,,,,,
152.0,Jumping data.txt,0,0.0,0.0,0.73,1.95,0.15,67.24,63.78,2.91,,0,20.0,185.7,0.91,0.32,1.69,,,,,,,,,,,
153.0,Jumping data.txt,0,0.0,0.0,0.5,1.51,0.48,26.19,64.18,3.73,,0,34.0,184.71,0.94,0.36,1.7,,,,,,,,,,,
154.0,Jumping data.txt,0,0.0,0.0,0.69,2.52,0.25,67.51,53.91,2.61,,0,26.0,161.79,0.8,0.35,1.67,,,,,,,,,,,
155.0,Jumping data.txt,0,0.0,0.0,0.68,1.8,0.51,18.61,77.85,8.45,,0,5.0,154.76,0.8,0.07,1.48,,,,,,,,,,,
156.0,Jumping data.txt,0,0.0,0.0,0.55,1.48,1.01,15.56,79.14,3.79,,1,14.0,142.03,0.8,0.04,1.41,,,,,,,,,,,
157.0,Jumping data.txt,0,0.0,0.0,0.72,1.94,0.3,56.75,64.25,10.89,,0,26.0,198.61,0.91,0.32,1.84,,,,,,,,,,,
158.0,Jumping data.txt,0,1.0,1.0,1.0,3.52,0.72,93.54,75.56,,,30,,85.69,0.49,0.03,1.59,,,,,,,,,,,
159.0,Jumping data.txt,0,0.0,0.0,0.87,4.4,0.07,202.9,77.15,75.17,,1,0.0,228.2,0.96,0.23,2.07,,,,,,,,,,,
160.0,Jumping data.txt,0,0.0,0.0,0.99,2.11,0.84,43.11,81.89,7.63,,87,0.0,56.76,0.16,0.05,1.36,,,,,,,,,,,
161.0,Jumping data.txt,0,0.0,0.0,0.73,4.17,0.27,144.14,61.61,3.71,,0,66.0,264.22,1.0,0.31,2.0,,,,,,,,,,,
162.0,Jumping data.txt,0,0.0,0.0,0.75,2.18,0.24,54.2,65.94,5.79,,0,12.0,180.05,0.97,0.27,1.77,,,,,,,,,,,
163.0,Jumping data.txt,0,0.0,0.0,0.74,1.99,0.21,57.72,57.61,17.24,,4,22.0,186.98,0.93,0.3,1.81,,,,,,,,,,,
164.0,Jumping data.txt,0,0.0,0.0,0.67,1.65,0.43,41.77,53.3,14.43,,15,0.0,115.61,0.66,0.28,1.95,,,,,,,,,,,
165.0,Jumping data.txt,0,0.0,0.0,0.73,2.39,0.29,86.69,60.21,7.94,,0,64.0,273.79,1.0,0.34,1.97,,,,,,,,,,,
166.0,Jumping data.txt,0,0.0,0.0,0.71,4.09,0.06,198.6,57.26,16.51,,0,82.0,336.06,1.02,0.39,2.18,,,,,,,,,,,
167.0,Jumping data.txt,0,0.0,0.0,0.71,1.6,0.84,15.09,80.7,16.37,,44,0.0,77.52,0.37,0.0,1.41,,,,,,,,,,,
168.0,Jumping data.txt,0,0.0,0.0,0.74,3.99,0.22,195.23,63.25,2.39,,0,66.0,231.55,1.01,0.26,1.84,,,,,,,,,,,
169.0,Jumping data.txt,0,0.0,0.0,0.5,1.53,0.93,14.78,81.22,10.4,,0,0.0,103.98,0.48,0.0,1.38,,,,,,,,,,,
170.0,Jumping data.txt,0,0.0,0.0,0.68,3.05,0.32,137.82,64.71,11.96,,1,50.0,241.31,0.97,0.27,1.79,,,,,,,,,,,
171.0,Jumping data.txt,0,0.0,0.0,0.41,1.64,1.18,11.19,82.24,6.56,,0,19.0,122.53,0.59,0.14,1.46,,,,,,,,,,,
172.0,Jumping data.txt,0,0.0,0.0,0.99,2.28,0.18,78.69,76.88,3.57,,22,0.0,161.06,0.79,0.16,1.81,,,,,,,,,,,
173.0,Jumping data.txt,0,0.0,0.0,0.74,2.16,0.32,61.36,60.86,5.63,,1,43.0,227.78,1.0,0.32,2.05,,,,,,,,,,,
174.0,Jumping data.txt,0,0.0,0.0,0.62,1.41,0.79,16.93,79.04,10.42,,20,0.0,97.91,0.64,0.01,1.34,,,,,,,,,,,
175.0,Jumping data.txt,0,1.0,1.0,0.91,1.9,0.75,29.2,81.69,,,43,,109.93,0.49,0.03,1.37,,,,,,,,,,,
176.0,Jumping data.txt,0,0.0,0.0,0.51,1.64,1.24,15.2,57.23,32.44,,11,0.0,141.34,0.91,0.01,1.62,,,,,,,,,,,
177.0,Picking Objects data.txt,0,0.0,0.0,0.43,1.52,0.64,16.51,32.84,93.01,,0,9.0,161.79,0.78,0.02,1.62,,,,,,,,,,,
178.0,Picking Objects data.txt,0,0.0,0.0,0.55,1.51,0.77,15.01,77.81,17.09,,0,21.0,195.53,0.9,0.11,1.52,,,,,,,,,,,
179.0,Picking Objects data.txt,0,0.0,0.0,0.57,1.59,0.65,67.38,53.35,0.91,,0,13.0,115.47,0.53,0.04,1.68,,,,,,,,,,,
180.0,Picking Objects data.txt,0,0.0,0.0,0.67,1.91,1.31,23.5,20.56,10.94,,26,0.0,79.57,0.56,0.07,1.52,,,,,,,,,,,
181.0,Picking Objects data.txt,0,1.0,2.0,0.78,2.58,0.74,65.13,51.3,,,16,,45.7,0.17,0.22,1.78,,,,,,,,,,,
182.0,Picking Objects data.txt,0,0.0,0.0,0.46,1.6,0.61,19.04,60.66,61.18,,0,24.0,146.82,0.62,0.16,1.66,,,,,,,,,,,
183.0,Picking Objects data.txt,0,1.0,2.0,0.7,2.17,1.84,22.41,55.13,,,28,,93.86,0.45,0.1,1.81,,,,,,,,,,,
184.0,Picking Objects data.txt,0,0.0,0.0,0.89,2.23,0.6,58.53,76.6,41.65,,0,32.0,184.75,0.92,0.07,1.5,,,,,,,,,,,
185.0,Picking Objects data.txt,0,0.0,0.0,0.55,1.48,0.62,21.69,82.67,16.17,,0,49.0,190.46,0.99,0.06,1.54,,,,,,,,,,,
186.0,Picking Objects data.txt,0,0.0,0.0,0.6,1.77,0.86,12.3,78.67,1.21,,0,0.0,79.79,0.62,0.04,1.48,,,,,,,,,,,
187.0,Picking Objects data.txt,0,0.0,0.0,0.61,1.94,1.37,19.27,46.42,50.86,,46,0.0,125.6,0.57,0.19,1.78,,,,,,,,,,,
188.0,Picking Objects data.txt,0,0.0,0.0,0.65,1.89,0.3,30.37,61.83,7.59,,0,33.0,193.41,0.92,0.1,1.68,,,,,,,,,,,
189.0,Picking Objects data.txt,0,0.0,0.0,0.74,3.67,0.86,133.2,10.37,17.09,,75,0.0,68.51,0.33,0.09,1.78,,,,,,,,,,,
190.0,Picking Objects data.txt,0,0.0,0.0,0.47,1.43,0.9,25.24,2.18,13.03,,0,1.0,87.54,0.66,0.0,1.65,,,,,,,,,,,
191.0,Picking Objects data.txt,0,0.0,0.0,0.49,1.66,0.57,29.69,19.91,12.05,,0,26.0,174.45,0.9,0.17,1.67,,,,,,,,,,,
192.0,Picking Objects data.txt,0,0.0,0.0,0.56,2.23,0.99,46.41,1.22,1.62,,2,50.0,170.38,0.87,0.04,1.56,,,,,,,,,,,
193.0,Picking Objects data.txt,0,0.0,0.0,0.65,2.02,0.66,36.32,15.18,5.79,,0,23.0,153.28,0.82,0.07,1.65,,,,,,,,,,,
194.0,Picking Objects data.txt,0,0.0,0.0,0.43,1.5,1.09,24.88,47.93,8.3,,0,4.0,57.94,0.41,0.02,1.72,,,,,,,,,,,
195.0,Picking Objects data.txt,0,0.0,0.0,0.54,2.0,1.36,19.84,-21.77,91.31,,0,0.0,147.29,0.57,0.02,1.62,,,,,,,,,,,
196.0,Picking Objects data.txt,0,0.0,0.0,0.68,1.53,0.53,38.94,26.61,81.27,,51,0.0,70.92,0.38,0.0,1.63,,,,,,,,,,,
197.0,Picking Objects data.txt,0,0.0,0.0,0.61,1.73,0.67,36.86,4.26,31.07,,6,28.0,246.22,0.88,0.14,1.7,,,,,,,,,,,
198.0,Picking Objects data.txt,0,0.0,0.0,0.47,1.67,0.54,22.91,38.68,76.44,,0,24.0,172.15,0.94,0.04,1.71,,,,,,,,,,,
199.0,Picking Objects data.txt,0,0.0,0.0,0.43,1.56,0.43,23.81,48.87,4.89,,0,26.0,169.0,0.76,0.12,1.72,,,,,,,,,,,
200.0,Picking Objects data.txt,0,0.0,0.0,0.74,1.94,0.87,15.48,56.87,33.26,,55,0.0,111.09,0.41,0.16,1.81,,,,,,,,,,,
201.0,Picking Objects data.txt,0,0.0,0.0,0.81,2.88,0.53,76.97,62.7,3.59,,9,0.0,140.67,0.8,0.12,1.68,,,,,,,,,,,
202.0,Picking Objects data.txt,0,0.0,0.0,0.78,2.59,0.75,71.66,29.95,9.82,,7,0.0,112.33,0.69,0.13,1.54,,,,,,,,,,,
203.0,Picking Objects data.txt,0,0.0,0.0,0.45,1.65,1.11,21.16,15.72,16.67,,0,15.0,118.41,0.56,0.0,1.46,,,,,,,,,,,
204.0,Picking Objects data.txt,0,1.0,1.0,0.87,1.88,0.66,24.94,74.69,,,39,,120.56,0.49,0.12,1.66,,,,,,,,,,,
205.0,Picking Objects data.txt,0,0.0,0.0,0.6,1.56,0.61,18.26,70.44,86.09,,16,7.0,155.63,0.72,0.14,1.67,,,,,,,,,,,
206.0,Picking Objects data.txt,0,0.0,0.0,0.47,1.57,1.34,14.58,7.25,95.58,,64,0.0,131.36,0.39,0.05,1.59,,,,,,,,,,,
207.0,Picking Objects data.txt,0,0.0,0.0,0.88,2.33,0.36,78.96,66.99,45.69,,21,0.0,163.69,0.8,0.15,1.79,,,,,,,,,,,
208.0,Picking Objects data.txt,0,1.0,1.0,0.93,1.82,0.47,39.24,74.98,,,41,,122.63,0.49,0.08,1.58,,,,,,,,,,,
209.0,Picking Objects data.txt,0,0.0,0.0,0.56,1.73,1.27,34.45,68.45,27.2,,0,33.0,155.68,0.69,0.07,1.56,,,,,,,,,,,
210.0,Picking Objects data.txt,0,0.0,0.0,0.54,1.56,0.45,18.71,61.17,27.99,,12,12.0,136.7,0.82,0.11,1.65,,,,,,,,,,,
211.0,Picking Objects data.txt,0,0.0,0.0,0.69,1.78,1.33,31.53,51.02,24.2,,20,0.0,105.94,0.79,0.01,1.55,,,,,,,,,,,
212.0,Picking Objects data.txt,0,1.0,1.0,1.0,2.49,0.54,60.75,74.85,,,53,,109.21,0.49,0.07,1.55,,,,,,,,,,,
213.0,Picking Objects data.txt,0,0.0,0.0,0.5,1.57,0.55,20.96,58.51,3.18,,0,16.0,81.01,0.41,0.0,1.6,,,,,,,,,,,
214.0,Picking Objects data.txt,0,1.0,3.0,0.88,3.8,1.16,154.11,73.33,,,59,,93.03,0.35,0.07,1.52,,,,,,,,,,,
215.0,Picking Objects data.txt,0,0.0,0.0,0.35,1.61,1.17,6.42,36.58,18.99,,4,27.0,199.46,0.91,0.17,1.77,,,,,,,,,,,
216.0,Picking Objects data.txt,0,0.0,0.0,0.57,1.64,0.5,49.68,54.09,20.73,,0,23.0,128.55,0.63,0.03,1.63,,,,,,,,,,,
217.0,Picking Objects data.txt,0,1.0,3.0,0.88,5.23,3.35,143.24,73.12,,,36,,93.88,0.35,0.0,1.68,,,,,,,,,,,
218.0,Picking Objects data.txt,0,0.0,0.0,0.52,1.62,1.37,17.6,54.76,22.38,,35,0.0,100.4,0.58,0.06,1.65,,,,,,,,,,,
219.0,Picking Objects data.txt,0,0.0,0.0,0.91,1.74,0.07,35.51,76.42,22.83,,47,0.0,83.43,0.51,0.06,1.56,,,,,,,,,,,
220.0,Picking Objects data.txt,0,0.0,0.0,0.32,1.64,1.53,12.15,59.8,19.32,,0,32.0,206.82,0.89,0.13,1.66,,,,,,,,,,,
221.0,Picking Objects data.txt,0,0.0,0.0,0.36,1.65,1.32,11.97,58.45,5.17,,0,17.0,138.69,0.8,0.08,1.56,,,,,,,,,,,
222.0,Picking Objects data.txt,0,0.0,0.0,0.76,1.63,0.95,100.23,78.81,9.37,,82,0.0,61.27,0.21,0.01,1.53,,,,,,,,,,,
223.0,Picking Objects data.txt,0,0.0,0.0,0.48,1.7,1.57,15.98,66.49,8.04,,9,20.0,202.21,0.94,0.18,1.73,,,,,,,,,,,
224.0,Picking Objects data.txt,0,0.0,0.0,0.41,1.72,1.44,19.86,58.99,16.95,,0,10.0,105.36,0.5,0.02,1.59,,,,,,,,,,,
225.0,Picking Objects data.txt,0,1.0,1.0,0.72,1.61,0.59,24.59,74.31,,,53,,105.6,0.43,0.08,1.51,,,,,,,,,,,
226.0,Picking Objects data.txt,0,0.0,0.0,0.31,1.65,1.39,10.12,59.82,5.5,,0,20.0,138.05,0.74,0.06,1.53,,,,,,,,,,,
227.0,Picking Objects data.txt,0,1.0,3.0,0.89,4.6,2.72,158.32,75.36,,,59,,60.11,0.35,0.0,1.5,,,,,,,,,,,
228.0,Picking Objects data.txt,0,0.0,0.0,0.71,1.63,0.44,19.77,76.99,22.92,,77,0.0,73.11,0.36,0.08,1.49,,,,,,,,,,,
229.0,Picking Objects data.txt,0,0.0,0.0,0.4,1.73,1.47,17.04,59.5,27.56,,0,4.0,105.78,0.71,0.06,1.6,,,,,,,,,,,
230.0,Picking Objects data.txt,0,1.0,1.0,0.81,1.51,0.09,39.64,73.67,,,32,,121.33,0.49,0.11,1.67,,,,,,,,,,,
231.0,Picking Objects data.txt,0,0.0,0.0,0.52,1.38,0.77,21.25,42.85,36.5,,75,0.0,39.55,0.23,0.0,1.62,,,,,,,,,,,
232.0,actual fall- out pushup on floor  (.txt,1,1.0,1.0,0.97,3.52,0.32,185.85,70.35,,,35,,98.15,0.49,0.17,1.97,,,,,,,,,,,
233.0,actual fall- out pushup on floor  (.txt,1,0.0,0.0,0.81,4.35,3.58,69.6,57.91,70.71,,67,0.0,49.4,0.26,0.03,2.35,,,,,,,,,,,
234.0,actual fall- out pushup on floor  (.txt,1,0.0,0.0,0.51,1.6,0.95,25.33,73.38,28.3,,0,8.0,114.03,0.79,0.01,1.48,,,,,,,,,,,
235.0,actual fall- out pushup on floor  (.txt,1,1.0,3.0,0.88,5.61,1.27,189.26,72.72,,,54,,64.93,0.26,0.11,2.24,,,,,,,,,,,
236.0,actual fall- out pushup on floor  (.txt,1,0.0,0.0,0.76,4.04,2.64,204.58,77.83,48.7,,3,0.0,121.98,0.9,0.04,2.2,,,,,,,,,,,
237.0,actual fall- out pushup on floor  (.txt,1,0.0,0.0,0.61,1.65,0.6,11.74,74.69,12.14,,3,0.0,117.51,0.89,0.06,1.47,,,,,,,,,,,
238.0,actual fall- out pushup on floor  (.txt,1,1.0,3.0,0.88,3.15,1.44,174.44,75.4,,,14,,51.83,0.34,0.0,1.56,,,,,,,,,,,
239.0,actual fall- out pushup on floor  (.txt,1,0.0,0.0,0.87,3.86,2.39,58.09,81.64,5.09,,10,1.0,107.4,0.8,0.09,2.11,,,,,,,,,,,
240.0,actual fall- out pushup on floor  (.txt,1,0.0,0.0,0.35,1.38,0.89,14.47,76.14,13.02,,0,0.0,102.23,0.83,0.05,1.41,,,,,,,,,,,
241.0,actual fall- out pushup on floor  (.txt,1,0.0,0.0,0.83,1.76,0.91,24.95,76.49,10.86,,88,0.0,50.72,0.25,0.0,1.4,,,,,,,,,,,
242.0,actual fall- out pushup on floor  (.txt,1,1.0,3.0,0.99,5.46,0.21,269.05,74.22,,,40,,71.45,0.34,0.16,2.12,,,,,,,,,,,
243.0,actual fall- out pushup on floor  (.txt,1,0.0,0.0,0.62,1.48,0.93,14.01,81.32,22.43,,29,0.0,133.07,0.69,0.03,1.52,,,,,,,,,,,
244.0,actual fall- out pushup on floor  (.txt,1,1.0,1.0,0.79,1.72,0.8,25.85,71.64,,,20,,59.03,0.48,0.03,1.47,,,,,,,,,,,
245.0,actual fall- out pushup on floor  (.txt,1,0.0,0.0,0.8,1.79,0.54,104.12,76.85,11.78,,0,6.0,136.31,0.86,0.02,1.5,,,,,,,,,,,
246.0,actual fall- out pushup on floor  (.txt,1,1.0,1.0,0.73,1.47,0.38,25.35,82.3,,,14,,70.53,0.48,0.25,1.36,,,,,,,,,,,
247.0,actual fall- out pushup on floor  (.txt,1,0.0,0.0,0.56,1.56,1.01,22.99,70.35,20.27,,0,10.0,170.4,0.88,0.02,1.62,,,,,,,,,,,
248.0,actual fall- out pushup on floor  (.txt,1,1.0,1.0,0.8,1.56,0.05,30.76,76.08,,,40,,79.93,0.31,0.18,2.09,,,,,,,,,,,
249.0,actual fall- out pushup on floor  (.txt,1,0.0,0.0,0.46,1.43,0.89,14.82,68.16,22.69,,0,0.0,61.22,0.38,0.0,1.46,,,,,,,,,,,
250.0,actual fall- out pushup on floor  (.txt,1,1.0,3.0,0.91,3.29,0.14,135.35,76.75,,,3,,90.35,0.33,0.18,2.09,,,,,,,,,,,
251.0,actual fall- out pushup on floor  (.txt,1,0.0,0.0,0.52,1.55,1.03,19.82,72.36,20.29,,0,7.0,82.36,0.66,0.0,1.41,,,,,,,,,,,
252.0,actual fall- out pushup on floor  (.txt,1,1.0,2.0,0.71,1.81,0.8,37.96,59.92,,,2,,124.4,0.44,0.11,1.8,,,,,,,,,,,
253.0,actual fall- out pushup on floor  (.txt,1,0.0,0.0,0.56,1.63,0.68,15.87,79.54,39.9,,0,15.0,187.01,0.91,0.06,1.59,,,,,,,,,,,
254.0,actual fall- out pushup on floor  (.txt,1,0.0,0.0,0.99,2.18,0.93,48.9,72.82,1.87,,66,0.0,66.22,0.48,0.01,1.5,,,,,,,,,,,
255.0,actual fall- out pushup on floor  (.txt,1,0.0,0.0,0.93,4.26,0.27,197.44,78.29,19.68,,20,0.0,154.98,0.57,0.3,2.21,,,,,,,,,,,
256.0,actual fall- out pushup on floor  (.txt,1,1.0,1.0,0.76,1.6,0.8,22.33,74.93,,,25,,121.03,0.49,0.08,1.65,,,,,,,,,,,
257.0,actual fall- out pushup on floor  (.txt,1,0.0,0.0,0.7,1.84,1.13,21.27,66.2,19.91,,13,7.0,160.36,0.88,0.05,1.65,,,,,,,,,,,
258.0,actual fall- out pushup on floor  (.txt,1,1.0,3.0,0.99,4.44,0.23,154.54,74.02,,,44,,79.95,0.3,0.17,2.25,,,,,,,,,,,
259.0,actual fall- out pushup on floor  (.txt,1,0.0,0.0,0.8,1.94,1.21,26.56,82.07,3.28,,22,0.0,76.21,0.56,0.03,1.38,,,,,,,,,,,
260.0,actual fall- out pushup on floor  (.txt,1,0.0,0.0,0.58,1.48,0.9,17.79,79.14,0.31,,1,0.0,66.88,0.46,0.0,1.38,,,,,,,,,,,
261.0,actual fall- out pushup on floor  (.txt,1,0.0,0.0,0.58,1.58,0.84,19.8,77.36,10.03,,5,0.0,117.05,0.9,0.03,1.55,,,,,,,,,,,
262.0,actual fall- out pushup on floor  (.txt,1,1.0,1.0,0.72,1.74,0.76,26.36,78.8,,,9,,39.67,0.0,0.0,1.32,,,,,,,,,,,
263.0,actual fall- out pushup on floor  (.txt,1,0.0,0.0,0.57,1.63,1.01,15.18,79.28,1.52,,0,0.0,120.1,0.79,0.0,1.5,,,,,,,,,,,
264.0,actual fall- out pushup on floor  (.txt,1,0.0,0.0,0.58,1.62,0.81,19.78,72.4,0.21,,0,44.0,173.67,0.95,0.12,1.63,,,,,,,,,,,
265.0,actual fall- out pushup on floor  (.txt,1,0.0,0.0,0.86,1.77,0.39,27.99,77.3,0.04,,24,0.0,82.66,0.78,0.02,1.48,,,,,,,,,,,
266.0,actual fall- out pushup on floor  (.txt,1,0.0,0.0,0.6,1.69,0.95,12.68,79.15,1.87,,0,0.0,111.73,0.81,0.01,1.43,,,,,,,,,,,
267.0,actual fall- out pushup on floor  (.txt,1,0.0,0.0,0.66,1.65,0.78,21.09,77.02,0.64,,0,0.0,103.49,0.64,0.05,1.49,,,,,,,,,,,
268.0,actual fall- out pushup on floor  (.txt,1,0.0,0.0,0.68,1.51,0.87,25.09,73.75,8.67,,61,0.0,108.2,0.64,0.0,1.53,,,,,,,,,,,
269.0,actual fall- out pushup on floor  (.txt,1,1.0,3.0,0.97,2.53,0.19,96.1,69.14,,,48,,95.88,0.32,0.18,2.24,,,,,,,,,,,
270.0,jogging data.txt,0,0.0,0.0,0.42,1.66,0.78,10.08,59.42,44.31,,0,44.0,166.99,0.95,0.24,1.64,,,,,,,,,,,
271.0,jogging data.txt,0,0.0,0.0,0.42,1.27,0.81,33.89,60.6,27.16,,0,88.0,285.6,1.0,0.13,1.92,,,,,,,,,,,
272.0,jogging data.txt,0,0.0,0.0,0.54,1.71,0.55,42.81,61.75,11.69,,0,80.0,235.83,0.99,0.28,1.71,,,,,,,,,,,
273.0,jogging data.txt,0,0.0,0.0,0.66,1.75,0.35,39.83,65.13,21.24,,0,96.0,343.83,1.0,0.35,1.83,,,,,,,,,,,
274.0,jogging data.txt,0,0.0,0.0,0.58,2.72,2.03,27.32,63.7,29.12,,0,99.0,364.57,1.01,0.29,2.12,,,,,,,,,,,
275.0,jogging data.txt,0,0.0,0.0,0.73,1.94,0.25,38.51,65.17,32.29,,0,73.0,243.57,0.99,0.27,1.79,,,,,,,,,,,
276.0,jogging data.txt,0,0.0,0.0,0.55,2.03,0.51,51.23,42.16,10.61,,0,6.0,139.35,0.91,0.3,1.87,,,,,,,,,,,
277.0,jogging data.txt,0,0.0,0.0,0.55,3.47,2.56,47.32,6.54,13.52,,0,28.0,190.73,0.95,0.31,2.07,,,,,,,,,,,
278.0,jogging data.txt,0,0.0,0.0,0.65,2.11,0.27,43.6,12.28,5.08,,0,45.0,193.31,0.97,0.36,2.03,,,,,,,,,,,
279.0,jogging data.txt,0,0.0,0.0,0.55,4.39,3.62,71.51,22.09,12.97,,0,23.0,153.65,0.96,0.25,1.73,,,,,,,,,,,
280.0,jogging data.txt,0,0.0,0.0,0.54,3.18,2.82,35.27,3.7,21.79,,0,32.0,164.43,0.94,0.26,1.74,,,,,,,,,,,
281.0,jogging data.txt,0,0.0,0.0,0.65,2.82,0.2,87.46,5.66,2.51,,0,11.0,151.38,0.88,0.3,1.76,,,,,,,,,,,
282.0,jogging data.txt,0,0.0,0.0,0.55,4.72,1.14,156.36,21.66,23.73,,0,4.0,139.45,0.93,0.25,1.9,,,,,,,,,,,
283.0,jogging data.txt,0,0.0,0.0,0.55,3.17,0.48,75.0,10.77,29.19,,0,14.0,180.21,0.93,0.3,1.96,,,,,,,,,,,
284.0,jogging data.txt,0,0.0,0.0,0.55,4.35,3.52,117.78,23.15,13.45,,0,14.0,161.73,0.98,0.26,2.0,,,,,,,,,,,
285.0,jogging data.txt,0,0.0,0.0,0.55,3.98,1.35,123.89,8.47,3.32,,0,6.0,168.22,0.91,0.27,1.9,,,,,,,,,,,
286.0,jogging data.txt,0,0.0,0.0,0.55,4.56,1.36,118.63,22.96,4.29,,0,7.0,159.9,0.87,0.27,1.99,,,,,,,,,,,
287.0,jogging data.txt,0,0.0,0.0,0.55,2.76,0.31,115.73,19.82,11.48,,0,22.0,179.12,0.95,0.32,2.07,,,,,,,,,,,
288.0,jogging data.txt,0,0.0,0.0,0.64,3.18,0.26,109.3,25.94,8.57,,4,32.0,186.68,0.99,0.33,2.22,,,,,,,,,,,
289.0,jogging data.txt,0,0.0,0.0,0.59,2.01,0.3,38.78,14.71,0.38,,0,22.0,193.89,0.97,0.36,2.09,,,,,,,,,,,
290.0,jogging data.txt,0,0.0,0.0,0.56,2.46,0.49,74.79,24.52,3.12,,0,19.0,173.4,0.95,0.33,2.08,,,,,,,,,,,
291.0,jogging data.txt,0,0.0,0.0,0.63,3.13,0.35,108.38,24.03,4.33,,0,14.0,178.76,0.9,0.33,2.13,,,,,,,,,,,
292.0,jogging data.txt,0,0.0,0.0,0.55,2.17,0.58,51.65,26.25,13.0,,0,16.0,172.7,0.96,0.29,2.09,,,,,,,,,,,
293.0,jogging data.txt,0,0.0,0.0,0.57,3.01,0.43,95.49,22.64,15.84,,0,6.0,163.24,0.93,0.31,2.07,,,,,,,,,,,
294.0,jogging data.txt,0,0.0,0.0,0.55,3.99,1.35,70.52,32.75,3.45,,0,9.0,178.5,0.98,0.26,2.07,,,,,,,,,,,
295.0,jogging data.txt,0,0.0,0.0,0.55,2.45,0.66,107.84,21.94,5.43,,0,6.0,160.72,0.8,0.3,2.09,,,,,,,,,,,
296.0,jogging data.txt,0,0.0,0.0,0.55,4.08,0.77,99.67,28.91,2.06,,0,8.0,179.28,0.93,0.3,2.13,,,,,,,,,,,
297.0,jogging data.txt,0,0.0,0.0,0.55,2.17,0.31,64.25,16.15,16.32,,0,25.0,188.77,0.97,0.33,1.99,,,,,,,,,,,
298.0,jogging data.txt,0,0.0,0.0,0.56,2.11,0.5,62.6,28.37,19.35,,2,18.0,183.28,0.96,0.37,2.14,,,,,,,,,,,
299.0,jogging data.txt,0,0.0,0.0,0.63,1.99,0.2,49.41,13.88,1.08,,0,38.0,199.89,0.96,0.37,2.06,,,,,,,,,,,
300.0,jogging data.txt,0,0.0,0.0,0.55,3.5,2.25,40.99,28.27,14.9,,0,30.0,199.25,0.97,0.29,2.02,,,,,,,,,,,
301.0,jogging data.txt,0,0.0,0.0,0.55,3.28,2.31,92.55,11.06,17.18,,0,18.0,179.72,0.92,0.28,1.83,,,,,,,,,,,
302.0,jogging data.txt,0,0.0,0.0,0.55,4.5,2.01,99.93,22.37,10.57,,0,5.0,160.6,0.91,0.28,1.96,,,,,,,,,,,
303.0,jogging data.txt,0,0.0,0.0,0.53,2.22,0.82,34.08,13.87,0.97,,0,33.0,206.8,0.94,0.36,1.97,,,,,,,,,,,
304.0,jogging data.txt,0,0.0,0.0,0.55,3.53,1.11,70.32,25.07,11.53,,0,25.0,182.7,0.88,0.33,2.24,,,,,,,,,,,
305.0,jogging data.txt,0,0.0,0.0,0.59,2.78,0.25,85.64,23.63,21.73,,0,17.0,171.88,0.94,0.28,1.95,,,,,,,,,,,
306.0,jogging data.txt,0,0.0,0.0,0.82,2.39,0.35,57.68,57.95,6.95,,22,31.0,205.25,0.89,0.15,1.72,,,,,,,,,,,
307.0,jogging data.txt,0,0.0,0.0,0.4,1.64,0.76,18.73,40.17,26.3,,0,69.0,257.61,0.97,0.41,2.38,,,,,,,,,,,
308.0,jogging data.txt,0,0.0,0.0,0.61,4.33,0.48,102.94,17.24,22.96,,0,40.0,206.85,1.0,0.34,2.25,,,,,,,,,,,
309.0,jogging data.txt,0,0.0,0.0,0.55,4.29,4.0,70.21,30.76,11.67,,0,24.0,171.95,0.93,0.25,2.04,,,,,,,,,,,
310.0,jogging data.txt,0,0.0,0.0,0.55,3.55,1.86,67.68,15.46,12.09,,0,8.0,183.86,1.0,0.32,2.01,,,,,,,,,,,
311.0,jogging data.txt,0,0.0,0.0,0.57,4.45,4.14,41.36,32.68,26.48,,3,12.0,195.66,0.93,0.3,2.38,,,,,,,,,,,
312.0,jogging data.txt,0,0.0,0.0,0.56,4.2,0.44,170.46,43.38,2.33,,0,78.0,299.69,0.99,0.28,2.09,,,,,,,,,,,
313.0,jogging data.txt,0,0.0,0.0,0.56,2.18,0.68,50.71,44.95,24.43,,0,0.0,104.55,0.73,0.33,1.83,,,,,,,,,,,
314.0,jogging data.txt,0,0.0,0.0,0.65,3.04,0.23,150.89,26.46,7.32,,0,16.0,159.56,0.89,0.37,2.03,,,,,,,,,,,
315.0,jogging data.txt,0,0.0,0.0,0.55,4.71,4.1,75.8,30.51,16.46,,0,3.0,153.17,0.85,0.24,1.87,,,,,,,,,,,
316.0,jogging data.txt,0,0.0,0.0,0.55,3.7,2.11,107.79,26.96,12.99,,0,22.0,178.1,0.93,0.31,2.0,,,,,,,,,,,
317.0,jogging data.txt,0,0.0,0.0,0.65,2.31,0.66,65.39,27.63,22.14,,0,19.0,178.29,0.88,0.35,2.26,,,,,,,,,,,
318.0,jogging data.txt,0,0.0,0.0,0.65,2.05,0.2,69.6,31.68,14.28,,0,22.0,199.25,0.97,0.36,2.28,,,,,,,,,,,
319.0,jogging data.txt,0,0.0,0.0,0.59,1.9,0.37,55.33,24.62,5.02,,0,44.0,228.77,1.0,0.34,2.37,,,,,,,,,,,
320.0,jogging data.txt,0,0.0,0.0,0.65,2.33,0.25,53.7,34.5,0.42,,0,24.0,198.29,0.89,0.35,2.07,,,,,,,,,,,
321.0,jogging data.txt,0,0.0,0.0,0.61,2.4,0.58,56.33,28.05,4.45,,0,26.0,182.78,0.99,0.32,2.24,,,,,,,,,,,
322.0,jogging data.txt,0,0.0,0.0,0.66,3.37,0.35,144.54,25.0,7.86,,1,42.0,196.68,0.94,0.32,2.06,,,,,,,,,,,
323.0,jogging data.txt,0,0.0,0.0,0.55,2.85,1.11,43.36,40.23,1.23,,0,22.0,212.74,0.93,0.34,2.48,,,,,,,,,,,
324.0,jogging data.txt,0,0.0,0.0,0.65,2.71,0.37,71.46,37.83,6.21,,0,46.0,238.01,0.97,0.39,2.18,,,,,,,,,,,
325.0,jogging data.txt,0,0.0,0.0,0.58,4.76,4.29,84.64,52.79,11.83,,0,53.0,225.04,0.95,0.28,2.52,,,,,,,,,,,
326.0,jogging data.txt,0,0.0,0.0,0.64,3.09,0.58,105.12,49.95,2.11,,0,74.0,286.94,0.99,0.37,2.33,,,,,,,,,,,
327.0,jogging data.txt,0,0.0,0.0,0.57,3.73,2.67,65.62,50.26,8.56,,0,45.0,236.18,0.92,0.25,2.04,,,,,,,,,,,
328.0,jogging data.txt,0,0.0,0.0,0.55,4.28,3.3,92.64,10.22,15.27,,0,10.0,153.85,0.96,0.28,1.92,,,,,,,,,,,
329.0,jogging data.txt,0,0.0,0.0,0.55,3.94,3.25,47.4,32.99,39.5,,0,34.0,175.83,0.88,0.25,2.12,,,,,,,,,,,
330.0,jogging data.txt,0,0.0,0.0,0.55,2.97,1.77,39.75,28.14,37.53,,0,14.0,176.29,0.94,0.31,2.06,,,,,,,,,,,
331.0,jogging data.txt,0,0.0,0.0,0.55,4.98,3.51,118.8,27.97,6.08,,0,6.0,149.57,0.85,0.25,1.96,,,,,,,,,,,
332.0,jogging data.txt,0,0.0,0.0,0.56,2.58,0.52,82.93,32.85,15.57,,0,2.0,168.65,0.92,0.32,1.96,,,,,,,,,,,
333.0,jogging data.txt,0,0.0,0.0,0.56,2.46,0.43,57.26,31.39,15.08,,0,26.0,199.04,0.98,0.32,2.24,,,,,,,,,,,
334.0,jogging data.txt,0,0.0,0.0,0.63,1.99,0.31,34.1,16.99,12.03,,0,10.0,181.04,1.0,0.3,2.08,,,,,,,,,,,
335.0,jogging data.txt,0,0.0,0.0,0.55,3.67,1.43,59.89,12.35,4.42,,0,0.0,136.14,0.88,0.28,1.84,,,,,,,,,,,
336.0,jogging data.txt,0,0.0,0.0,0.56,2.27,0.36,84.81,26.83,21.76,,0,45.0,208.11,0.99,0.35,1.96,,,,,,,,,,,
337.0,jogging data.txt,0,0.0,0.0,0.61,2.59,0.14,101.47,31.46,22.04,,0,6.0,160.23,0.94,0.31,2.05,,,,,,,,,,,
338.0,jogging data.txt,0,0.0,0.0,0.67,4.03,0.38,145.02,33.33,5.33,,3,25.0,183.26,0.94,0.35,1.93,,,,,,,,,,,
339.0,jogging data.txt,0,0.0,0.0,0.66,4.75,0.22,190.48,45.82,0.97,,1,26.0,195.46,0.96,0.34,2.11,,,,,,,,,,,
340.0,jogging data.txt,0,0.0,0.0,0.65,3.06,0.25,142.42,33.86,0.52,,0,30.0,212.33,0.98,0.34,2.29,,,,,,,,,,,
341.0,jogging data.txt,0,0.0,0.0,0.55,4.93,1.78,89.03,42.66,4.39,,0,48.0,218.94,0.99,0.32,2.5,,,,,,,,,,,
342.0,jogging data.txt,0,0.0,0.0,0.62,2.14,0.33,62.79,47.22,0.46,,0,67.0,250.84,1.01,0.38,2.33,,,,,,,,,,,
343.0,jogging data.txt,0,0.0,0.0,0.62,4.34,1.48,99.07,60.71,1.71,,0,94.0,337.85,0.99,0.46,2.49,,,,,,,,,,,
344.0,jogging data.txt,0,0.0,0.0,0.66,2.04,0.86,89.87,67.81,2.04,,0,72.0,308.64,0.91,0.32,2.2,,,,,,,,,,,
345.0,jogging data.txt,0,0.0,0.0,0.68,3.16,2.19,46.03,71.6,5.01,,0,93.0,320.47,1.01,0.24,1.83,,,,,,,,,,,
346.0,jogging data.txt,0,0.0,0.0,0.53,1.7,1.18,37.56,59.52,5.14,,0,86.0,274.19,1.0,0.36,1.82,,,,,,,,,,,
347.0,jogging data.txt,0,0.0,0.0,0.6,4.38,3.25,55.83,56.35,10.21,,0,72.0,272.74,0.98,0.27,1.96,,,,,,,,,,,
348.0,jogging data.txt,0,0.0,0.0,0.51,1.4,0.26,42.95,60.4,8.42,,0,81.0,288.4,1.0,0.29,1.77,,,,,,,,,,,
349.0,jogging data.txt,0,0.0,0.0,0.57,2.88,0.22,25.39,44.64,13.52,,0,74.0,234.33,0.98,0.35,1.89,,,,,,,,,,,
350.0,jogging data.txt,0,0.0,0.0,0.55,3.5,3.06,38.07,41.35,19.73,,0,40.0,183.33,0.98,0.27,2.14,,,,,,,,,,,
351.0,jogging data.txt,0,0.0,0.0,0.62,2.59,0.66,43.46,32.54,26.14,,0,41.0,198.4,0.99,0.35,1.91,,,,,,,,,,,
352.0,jogging data.txt,0,0.0,0.0,0.56,2.65,1.43,40.08,48.86,6.1,,0,36.0,182.52,0.94,0.22,1.84,,,,,,,,,,,
353.0,jogging data.txt,0,0.0,0.0,0.77,1.85,0.94,24.22,70.34,24.04,,11,1.0,162.4,0.73,0.12,1.53,,,,,,,,,,,
354.0,jogging data.txt,0,0.0,0.0,0.56,1.46,0.76,20.58,55.46,21.09,,20,0.0,91.4,0.52,0.0,1.56,,,,,,,,,,,
355.0,random hand movement data.txt,0,0.0,0.0,0.54,2.09,1.57,14.15,76.71,25.76,,0,57.0,291.95,0.97,0.36,1.75,,,,,,,,,,,
356.0,random hand movement data.txt,0,0.0,0.0,0.62,1.92,0.26,14.48,77.72,0.12,,0,58.0,273.3,0.99,0.32,1.68,,,,,,,,,,,
357.0,random hand movement data.txt,0,0.0,0.0,0.85,3.71,0.86,111.63,70.7,44.51,,0,58.0,215.47,0.98,0.04,1.78,,,,,,,,,,,
358.0,random hand movement data.txt,0,0.0,0.0,0.5,1.72,0.2,28.07,35.26,42.04,,0,100.0,417.68,1.0,0.57,2.83,,,,,,,,,,,
359.0,random hand movement data.txt,0,0.0,0.0,0.55,3.81,2.95,40.42,33.91,12.55,,0,97.0,308.17,1.01,0.42,3.02,,,,,,,,,,,
360.0,random hand movement data.txt,0,0.0,0.0,0.35,1.56,1.18,28.12,31.96,52.75,,0,98.0,433.57,1.0,0.54,2.77,,,,,,,,,,,
361.0,random hand movement data.txt,0,0.0,0.0,0.56,4.23,2.22,100.59,47.88,0.94,,0,84.0,451.18,0.98,0.47,2.81,,,,,,,,,,,
362.0,random hand movement data.txt,0,0.0,0.0,0.48,3.03,2.68,26.56,27.6,58.88,,0,88.0,489.45,0.97,0.75,3.49,,,,,,,,,,,
363.0,random hand movement data.txt,0,0.0,0.0,0.59,5.61,0.49,231.14,41.19,6.43,,0,88.0,292.36,1.0,0.45,3.06,,,,,,,,,,,
364.0,random hand movement data.txt,0,0.0,0.0,0.65,2.94,2.49,37.62,66.85,3.59,,0,80.0,351.23,0.98,0.36,2.15,,,,,,,,,,,
365.0,random hand movement data.txt,0,0.0,0.0,0.79,4.15,0.13,108.13,73.71,5.7,,0,94.0,379.8,0.99,0.43,2.44,,,,,,,,,,,
366.0,random hand movement data.txt,0,0.0,0.0,0.59,1.56,0.38,40.39,68.85,30.5,,0,100.0,477.66,1.0,0.31,2.0,,,,,,,,,,,
367.0,random hand movement data.txt,0,0.0,0.0,0.59,4.12,0.98,173.77,22.99,22.87,,0,100.0,593.57,1.0,0.88,3.97,,,,,,,,,,,
368.0,random hand movement data.txt,0,0.0,0.0,0.55,2.88,1.92,63.06,35.84,14.09,,0,98.0,513.36,1.0,0.67,3.22,,,,,,,,,,,
369.0,random hand movement data.txt,0,0.0,0.0,0.55,3.94,2.32,81.22,23.83,13.89,,0,100.0,524.48,1.0,0.91,4.5,,,,,,,,,,,
370.0,random hand movement data.txt,0,0.0,0.0,0.61,4.18,2.18,126.21,57.7,57.99,,0,98.0,417.73,0.99,0.66,3.49,,,,,,,,,,,
371.0,random hand movement data.txt,0,0.0,0.0,0.66,3.01,1.21,97.08,65.15,20.51,,0,100.0,386.11,0.98,0.58,2.84,,,,,,,,,,,
372.0,random hand movement data.txt,0,0.0,0.0,0.67,3.02,1.74,83.76,69.09,3.62,,0,70.0,294.4,0.95,0.38,2.5,,,,,,,,,,,
373.0,random hand movement data.txt,0,0.0,0.0,0.75,1.91,1.1,35.25,78.55,13.89,,0,59.0,258.1,0.92,0.12,1.87,,,,,,,,,,,
374.0,random hand movement data.txt,0,0.0,0.0,0.73,2.43,1.0,62.27,61.13,5.23,,0,100.0,414.17,0.99,0.61,2.74,,,,,,,,,,,
375.0,random hand movement data.txt,0,0.0,0.0,0.65,2.12,0.93,37.84,35.54,30.45,,0,100.0,503.26,1.0,0.82,3.39,,,,,,,,,,,
376.0,random hand movement data.txt,0,0.0,0.0,0.56,2.49,1.72,43.36,32.04,24.23,,0,95.0,502.05,1.0,0.81,3.79,,,,,,,,,,,
377.0,random hand movement data.txt,0,0.0,0.0,0.79,1.96,0.22,43.15,75.56,42.25,,0,39.0,238.15,0.97,0.15,1.67,,,,,,,,,,,
378.0,random hand movement data.txt,0,0.0,0.0,0.34,1.64,0.67,16.23,51.32,59.35,,0,80.0,374.05,0.99,0.45,2.32,,,,,,,,,,,
379.0,random hand movement data.txt,0,0.0,0.0,0.74,2.86,0.51,72.28,63.97,4.34,,0,58.0,351.25,0.96,0.37,2.49,,,,,,,,,,,
380.0,random hand movement data.txt,0,0.0,0.0,0.63,1.91,0.96,34.93,70.38,20.05,,0,87.0,395.34,1.01,0.5,2.35,,,,,,,,,,,
381.0,random hand movement data.txt,0,0.0,0.0,0.45,1.26,0.31,23.71,78.27,8.86,,0,31.0,254.06,0.91,0.2,1.74,,,,,,,,,,,
382.0,random hand movement data.txt,0,0.0,0.0,0.32,1.49,0.78,14.0,51.23,44.65,,0,80.0,456.84,0.98,0.39,2.16,,,,,,,,,,,
383.0,random hand movement data.txt,0,0.0,0.0,0.55,4.53,1.35,157.31,33.29,18.4,,0,101.0,515.71,1.01,0.59,3.31,,,,,,,,,,,
384.0,random hand movement data.txt,0,0.0,0.0,0.55,2.95,1.38,61.27,41.86,12.42,,0,101.0,501.49,1.01,0.51,2.8,,,,,,,,,,,
385.0,random hand movement data.txt,0,0.0,0.0,0.55,3.13,2.91,57.7,35.92,4.54,,0,98.0,509.12,1.0,0.44,3.09,,,,,,,,,,,
386.0,random hand movement data.txt,0,0.0,0.0,0.62,2.1,0.02,51.81,48.39,4.82,,0,101.0,498.97,1.0,0.48,2.5,,,,,,,,,,,
387.0,random hand movement data.txt,0,0.0,0.0,0.52,1.88,0.76,40.77,48.99,10.2,,0,98.0,464.31,0.98,0.5,2.57,,,,,,,,,,,
388.0,random hand movement data.txt,0,0.0,0.0,0.61,2.32,1.29,48.13,48.88,2.38,,0,98.0,475.2,0.98,0.44,2.6,,,,,,,,,,,
389.0,random hand movement data.txt,0,0.0,0.0,0.34,1.57,0.85,19.91,16.96,10.43,,0,33.0,260.02,0.93,0.13,1.71,,,,,,,,,,,
390.0,random hand movement data.txt,0,0.0,0.0,0.57,1.72,0.85,15.74,69.51,11.0,,0,53.0,334.05,1.0,0.21,1.84,,,,,,,,,,,
391.0,random hand movement data.txt,0,0.0,0.0,0.75,2.06,0.87,29.53,79.58,16.72,,0,68.0,290.22,0.98,0.3,1.71,,,,,,,,,,,
392.0,random hand movement data.txt,0,0.0,0.0,0.61,1.7,0.4,25.6,72.9,16.54,,0,70.0,357.94,0.99,0.3,1.81,,,,,,,,,,,
393.0,random hand movement data.txt,0,0.0,0.0,0.61,1.65,0.68,31.16,68.09,23.32,,0,23.0,174.66,0.92,0.18,1.59,,,,,,,,,,,
394.0,random hand movement data.txt,0,0.0,0.0,0.89,4.58,2.18,111.61,79.28,22.2,,64,0.0,65.01,0.35,0.0,1.52,,,,,,,,,,,
395.0,random hand movement data.txt,0,1.0,2.0,0.76,2.12,0.37,39.62,62.36,,,3,,46.76,0.4,0.2,1.58,,,,,,,,,,,
396.0,random hand movement data.txt,0,0.0,0.0,0.7,1.7,0.3,21.56,68.67,9.46,,13,6.0,131.65,0.58,0.07,1.62,,,,,,,,,,,
397.0,random hand movement data.txt,0,0.0,0.0,0.54,1.72,0.35,19.48,60.96,9.18,,3,27.0,116.13,0.52,0.1,1.63,,,,,,,,,,,
398.0,random hand movement data.txt,0,0.0,0.0,0.32,1.63,1.35,9.71,63.75,17.86,,0,17.0,124.25,0.68,0.07,1.53,,,,,,,,,,,
399.0,random hand movement data.txt,0,1.0,2.0,0.89,6.54,1.69,354.82,79.46,,,40,,60.02,0.45,0.01,1.58,,,,,,,,,,,
400.0,random hand movement data.txt,0,1.0,2.0,0.74,2.5,0.34,57.59,59.81,,,2,,46.03,0.2,0.2,1.51,,,,,,,,,,,
401.0,random hand movement data.txt,0,0.0,0.0,0.69,1.87,0.99,15.75,71.54,10.81,,1,48.0,238.84,0.96,0.21,1.86,,,,,,,,,,,
402.0,random hand movement data.txt,0,0.0,0.0,0.55,1.66,0.83,18.25,80.78,19.11,,0,23.0,204.46,0.99,0.24,1.59,,,,,,,,,,,
403.0,random hand movement data.txt,0,0.0,0.0,0.6,1.47,0.76,16.26,83.66,3.75,,47,0.0,99.31,0.57,0.0,1.43,,,,,,,,,,,
404.0,random hand movement data.txt,0,0.0,0.0,0.66,1.38,0.82,44.92,77.72,28.79,,11,0.0,121.13,0.86,0.0,1.4,,,,,,,,,,,
405.0,random hand movement data.txt,0,0.0,0.0,0.66,1.74,0.52,28.76,76.99,1.93,,0,34.0,197.08,0.82,0.29,1.48,,,,,,,,,,,
406.0,random hand movement data.txt,0,0.0,0.0,0.8,2.14,0.77,56.34,83.88,2.45,,0,18.0,170.76,0.88,0.15,1.49,,,,,,,,,,,
407.0,random hand movement data.txt,0,0.0,0.0,0.5,2.04,1.88,7.16,75.95,8.1,,0,42.0,231.4,0.94,0.22,1.83,,,,,,,,,,,
408.0,random hand movement data.txt,0,0.0,0.0,0.74,1.82,0.16,40.42,79.46,4.66,,0,60.0,250.54,0.98,0.28,1.65,,,,,,,,,,,
409.0,random hand movement data.txt,0,0.0,0.0,0.58,1.6,0.83,15.51,81.14,16.66,,0,51.0,174.86,1.0,0.04,1.47,,,,,,,,,,,
410.0,random hand movement data.txt,0,0.0,0.0,0.57,1.7,0.7,14.3,81.37,9.83,,4,43.0,217.17,0.94,0.12,1.44,,,,,,,,,,,
411.0,random hand movement data.txt,0,0.0,0.0,0.65,1.56,0.79,13.25,78.33,3.75,,19,0.0,143.77,0.81,0.03,1.47,,,,,,,,,,,
412.0,random hand movement data.txt,0,0.0,0.0,0.8,2.4,0.56,59.1,77.72,8.77,,0,16.0,184.43,0.85,0.3,1.66,,,,,,,,,,,
413.0,random hand movement data.txt,0,0.0,0.0,0.78,1.74,0.32,34.12,80.54,7.4,,0,0.0,128.44,0.91,0.08,1.47,,,,,,,,,,,
414.0,random hand movement data.txt,0,0.0,0.0,0.58,1.77,0.65,17.18,80.62,10.29,,0,74.0,289.05,0.98,0.42,1.82,,,,,,,,,,,
415.0,random hand movement data.txt,0,0.0,0.0,0.78,1.95,0.46,38.95,80.03,7.61,,0,68.0,274.38,0.99,0.31,1.7,,,,,,,,,,,
416.0,random hand movement data.txt,0,0.0,0.0,0.58,4.07,1.15,210.54,51.01,65.43,,0,80.0,425.22,1.01,0.59,2.62,,,,,,,,,,,
417.0,random hand movement data.txt,0,0.0,0.0,0.55,5.01,3.74,86.75,34.91,46.21,,0,82.0,471.1,0.99,0.85,4.91,,,,,,,,,,,
418.0,random hand movement data.txt,0,0.0,0.0,0.55,3.52,3.08,68.9,42.6,36.72,,0,28.0,236.78,1.02,0.26,2.33,,,,,,,,,,,
419.0,random hand movement data.txt,0,0.0,0.0,0.67,3.48,0.09,153.15,55.86,67.22,,0,90.0,473.87,1.02,0.47,2.43,,,,,,,,,,,
420.0,random hand movement data.txt,0,0.0,0.0,0.58,4.26,1.7,144.98,51.65,3.37,,0,102.0,467.98,1.02,0.76,3.61,,,,,,,,,,,
421.0,random hand movement data.txt,0,0.0,0.0,0.57,4.16,1.39,160.91,49.49,17.89,,0,102.0,456.38,1.01,0.74,3.61,,,,,,,,,,,
422.0,random hand movement data.txt,0,0.0,0.0,0.6,4.17,1.87,166.04,56.35,6.39,,0,90.0,447.28,1.01,0.46,2.93,,,,,,,,,,,
423.0,random hand movement data.txt,0,0.0,0.0,0.65,2.55,1.26,51.3,65.2,2.54,,0,61.0,322.02,0.98,0.27,1.85,,,,,,,,,,,
424.0,random hand movement data.txt,0,0.0,0.0,0.6,1.46,0.9,16.03,75.11,22.52,,5,0.0,104.48,0.86,0.02,1.41,,,,,,,,,,,
425.0,sitting and standing data.txt,0,0.0,0.0,0.43,1.4,0.83,25.26,41.68,42.71,,16,0.0,69.23,0.59,0.0,1.55,,,,,,,,,,,
426.0,sitting and standing data.txt,0,0.0,0.0,0.88,1.95,0.91,22.99,77.8,38.97,,32,0.0,103.08,0.77,0.07,1.41,,,,,,,,,,,
427.0,sitting and standing data.txt,0,0.0,0.0,0.71,1.75,0.49,44.38,47.06,52.01,,8,0.0,73.58,0.63,0.04,1.57,,,,,,,,,,,
428.0,sitting and standing data.txt,0,0.0,0.0,0.51,1.59,1.02,19.29,71.89,40.52,,0,31.0,142.53,0.99,0.05,1.46,,,,,,,,,,,
429.0,sitting and standing data.txt,0,0.0,0.0,0.83,1.94,0.51,55.52,48.03,52.66,,42,0.0,89.33,0.62,0.03,1.57,,,,,,,,,,,
430.0,sitting and standing data.txt,0,0.0,0.0,0.66,1.65,0.79,15.55,73.76,37.9,,10,23.0,151.67,0.89,0.12,1.52,,,,,,,,,,,
431.0,sitting and standing data.txt,0,0.0,0.0,0.58,1.51,0.5,9.56,62.78,25.51,,49,0.0,45.21,0.26,0.0,1.5,,,,,,,,,,,
432.0,sitting and standing data.txt,0,0.0,0.0,0.74,1.86,0.97,22.67,76.87,17.96,,0,9.0,147.85,0.81,0.12,1.48,,,,,,,,,,,
433.0,sitting and standing data.txt,0,0.0,0.0,0.53,1.67,1.17,10.82,81.12,7.33,,2,0.0,103.94,0.84,0.03,1.26,,,,,,,,,,,
434.0,sitting and standing data.txt,0,0.0,0.0,0.62,1.47,0.35,9.56,77.81,5.67,,53,0.0,50.57,0.28,0.03,1.36,,,,,,,,,,,
435.0,sitting and standing data.txt,0,0.0,0.0,0.57,1.57,1.02,7.45,78.62,5.41,,21,0.0,117.34,0.72,0.13,1.35,,,,,,,,,,,
436.0,sitting and standing data.txt,0,0.0,0.0,0.67,1.93,0.26,57.79,53.36,7.58,,0,27.0,115.89,0.85,0.07,1.59,,,,,,,,,,,
437.0,sitting and standing data.txt,0,0.0,0.0,0.71,1.79,0.96,15.89,74.09,6.89,,9,0.0,98.0,0.79,0.06,1.36,,,,,,,,,,,
438.0,sitting and standing data.txt,0,0.0,0.0,0.64,1.53,1.15,27.94,75.35,12.42,,10,0.0,88.41,0.51,0.02,1.39,,,,,,,,,,,
439.0,sitting and standing data.txt,0,0.0,0.0,0.65,1.59,0.98,17.13,80.36,5.63,,28,0.0,91.85,0.64,0.1,1.37,,,,,,,,,,,
440.0,sitting and standing data.txt,0,0.0,0.0,0.72,1.59,0.49,19.65,70.7,11.01,,62,0.0,46.56,0.29,0.0,1.5,,,,,,,,,,,
441.0,sitting and standing data.txt,0,0.0,0.0,0.56,1.56,1.13,7.04,81.12,1.4,,13,0.0,100.71,0.71,0.09,1.31,,,,,,,,,,,
442.0,sitting and standing data.txt,0,0.0,0.0,0.25,1.18,0.6,22.94,56.22,12.96,,0,13.0,85.46,0.56,0.03,1.5,,,,,,,,,,,
443.0,sitting and standing data.txt,0,0.0,0.0,0.68,2.14,1.39,31.31,62.92,5.58,,2,1.0,81.77,0.63,0.0,1.58,,,,,,,,,,,
444.0,sitting and standing data.txt,0,0.0,0.0,0.85,1.92,0.87,19.36,79.43,1.44,,15,0.0,123.97,0.7,0.14,1.45,,,,,,,,,,,
445.0,sitting and standing data.txt,0,0.0,0.0,0.65,1.51,0.32,27.03,65.54,7.78,,15,0.0,100.82,0.82,0.05,1.53,,,,,,,,,,,
446.0,sitting and standing data.txt,0,0.0,0.0,0.46,1.53,0.58,20.89,55.81,22.9,,0,1.0,80.96,0.78,0.0,1.47,,,,,,,,,,,
447.0,sitting and standing data.txt,0,0.0,0.0,0.5,1.65,0.87,13.11,68.32,25.68,,0,22.0,111.27,0.59,0.01,1.55,,,,,,,,,,,
448.0,sitting and standing data.txt,0,0.0,0.0,0.9,4.1,0.29,172.65,59.39,8.3,,23,0.0,99.2,0.86,0.09,1.64,,,,,,,,,,,
449.0,sitting and standing data.txt,0,0.0,0.0,0.57,1.31,0.66,42.12,61.54,15.81,,0,0.0,51.15,0.32,0.0,1.39,,,,,,,,,,,
450.0,sitting and standing data.txt,0,0.0,0.0,0.68,2.68,0.85,80.17,50.53,11.57,,0,6.0,88.68,0.83,0.02,1.6,,,,,,,,,,,
451.0,sitting and standing data.txt,0,0.0,0.0,0.5,1.62,1.03,27.7,47.95,8.36,,1,5.0,144.67,0.9,0.1,1.66,,,,,,,,,,,
452.0,sitting and standing data.txt,0,0.0,0.0,0.46,1.59,0.56,16.09,42.63,30.87,,14,0.0,79.93,0.63,0.02,1.57,,,,,,,,,,,
453.0,sitting and standing data.txt,0,0.0,0.0,0.75,1.91,0.71,46.39,64.28,17.91,,0,15.0,129.52,0.64,0.06,1.54,,,,,,,,,,,
454.0,sitting and standing data.txt,0,0.0,0.0,0.79,3.35,0.27,137.34,59.72,6.72,,0,11.0,137.04,0.96,0.04,1.59,,,,,,,,,,,
455.0,sitting and standing data.txt,0,0.0,0.0,0.46,1.55,0.64,17.92,48.17,22.57,,0,1.0,93.27,0.8,0.0,1.54,,,,,,,,,,,
456.0,sitting and standing data.txt,0,0.0,0.0,0.39,1.64,1.08,9.09,46.74,6.15,,0,0.0,134.64,0.92,0.07,1.64,,,,,,,,,,,
457.0,sitting and standing data.txt,0,0.0,0.0,0.7,1.86,1.46,16.04,79.69,3.13,,65,0.0,74.32,0.49,0.04,1.34,,,,,,,,,,,
458.0,sitting and standing data.txt,0,0.0,0.0,0.6,1.66,0.43,28.3,51.64,7.15,,0,14.0,112.82,0.93,0.04,1.5,,,,,,,,,,,
459.0,sitting and standing data.txt,0,0.0,0.0,0.53,1.64,0.86,17.22,64.91,5.7,,0,18.0,80.46,0.36,0.03,1.57,,,,,,,,,,,
460.0,sitting and standing data.txt,0,0.0,0.0,0.72,3.84,0.25,208.18,58.06,0.23,,0,23.0,140.25,0.92,0.08,1.63,,,,,,,,,,,
461.0,sitting and standing data.txt,0,0.0,0.0,0.52,1.6,0.66,14.29,77.28,2.81,,0,0.0,120.78,0.77,0.05,1.37,,,,,,,,,,,
462.0,sitting and standing data.txt,0,0.0,0.0,0.63,1.49,0.9,11.54,72.86,8.97,,27,0.0,82.73,0.6,0.0,1.46,,,,,,,,,,,
463.0,sitting and standing data.txt,0,0.0,0.0,0.5,1.94,1.34,15.16,50.73,16.69,,0,3.0,146.67,0.92,0.11,1.61,,,,,,,,,,,
464.0,sitting and standing data.txt,0,0.0,0.0,0.65,1.6,0.67,11.25,70.06,15.18,,29,0.0,87.95,0.74,0.09,1.53,,,,,,,,,,,
465.0,sitting and standing data.txt,0,0.0,0.0,0.58,1.41,0.92,23.03,76.21,13.19,,0,20.0,138.11,0.65,0.0,1.43,,,,,,,,,,,
466.0,sitting and standing data.txt,0,1.0,1.0,0.72,1.79,0.67,27.05,67.38,,,14,,97.01,0.48,0.15,1.54,,,,,,,,,,,
467.0,sitting and standing data.txt,0,0.0,0.0,0.58,1.57,0.35,17.52,68.04,20.66,,1,0.0,95.62,0.55,0.08,1.54,,,,,,,,,,,
468.0,sitting and standing data.txt,0,0.0,0.0,0.43,1.56,0.81,8.39,70.79,8.99,,0,31.0,138.3,0.58,0.07,1.58,,,,,,,,,,,
469.0,sitting and standing data.txt,0,0.0,0.0,0.65,4.86,0.26,212.66,44.85,23.85,,0,13.0,93.93,0.64,0.13,1.59,,,,,,,,,,,
470.0,sitting and standing data.txt,0,0.0,0.0,0.47,1.55,0.32,12.22,79.52,10.24,,0,0.0,109.71,0.71,0.09,1.38,,,,,,,,,,,
471.0,sitting and standing data.txt,0,0.0,0.0,0.62,1.7,0.54,13.73,67.58,38.87,,3,1.0,47.46,0.26,0.02,1.53,,,,,,,,,,,
472.0,sitting and standing data.txt,0,0.0,0.0,0.65,4.16,0.22,281.33,45.06,0.2,,0,0.0,92.02,0.66,0.06,1.71,,,,,,,,,,,
473.0,sitting and standing data.txt,0,0.0,0.0,0.69,2.26,0.57,62.05,53.01,16.7,,0,23.0,136.67,0.92,0.1,1.57,,,,,,,,,,,
474.0,sitting and standing data.txt,0,0.0,0.0,0.52,1.52,0.66,9.28,71.56,28.21,,16,0.0,118.76,0.63,0.08,1.53,,,,,,,,,,,
475.0,sitting and standing data.txt,0,1.0,2.0,0.89,4.34,1.03,204.49,73.91,,,14,,87.83,0.44,0.2,1.79,,,,,,,,,,,
476.0,sitting and standing data.txt,0,1.0,2.0,0.88,1.9,0.38,41.8,58.46,,,23,,95.28,0.45,0.13,1.59,,,,,,,,,,,
477.0,sitting and standing data.txt,0,0.0,0.0,0.5,1.32,0.92,21.16,5.06,29.07,,46,0.0,28.01,0.11,0.0,1.27,,,,,,,,,,,
478.0,walking data.txt,0,0.0,0.0,0.86,4.79,0.92,347.54,75.41,13.82,,0,11.0,121.14,0.85,0.04,1.6,,,,,,,,,,,
479.0,walking data.txt,0,0.0,0.0,0.51,1.42,0.22,27.55,70.26,7.13,,0,49.0,196.77,0.93,0.33,1.69,,,,,,,,,,,
480.0,walking data.txt,0,0.0,0.0,0.63,1.91,0.48,10.99,75.1,10.19,,5,18.0,170.63,0.94,0.22,1.52,,,,,,,,,,,
481.0,walking data.txt,0,0.0,0.0,0.61,1.89,1.17,15.52,78.94,16.58,,0,22.0,166.33,0.93,0.23,1.56,,,,,,,,,,,
482.0,walking data.txt,0,0.0,0.0,0.57,1.73,0.76,17.49,73.71,27.54,,0,32.0,172.93,0.9,0.26,1.64,,,,,,,,,,,
483.0,walking data.txt,0,0.0,0.0,0.59,1.68,0.56,9.7,79.15,20.79,,0,30.0,143.68,0.81,0.09,1.44,,,,,,,,,,,
484.0,walking data.txt,0,0.0,0.0,0.63,2.2,1.49,18.64,75.85,2.96,,0,3.0,115.51,0.86,0.03,1.42,,,,,,,,,,,
485.0,walking data.txt,0,0.0,0.0,0.42,1.61,1.0,14.91,76.9,10.86,,0,22.0,153.57,0.85,0.11,1.52,,,,,,,,,,,
486.0,walking data.txt,0,0.0,0.0,0.69,1.86,0.58,18.5,72.66,17.98,,9,13.0,143.06,0.82,0.2,1.57,,,,,,,,,,,
487.0,walking data.txt,0,0.0,0.0,0.62,1.75,1.21,27.55,71.49,13.39,,0,24.0,173.06,0.92,0.21,1.7,,,,,,,,,,,
488.0,walking data.txt,0,0.0,0.0,0.72,2.01,0.47,25.32,75.1,15.06,,0,15.0,142.37,0.84,0.19,1.54,,,,,,,,,,,
489.0,walking data.txt,0,0.0,0.0,0.58,1.82,1.06,13.68,79.51,4.42,,0,8.0,147.81,0.85,0.06,1.45,,,,,,,,,,,
490.0,walking data.txt,0,0.0,0.0,0.52,1.56,0.62,10.0,77.44,0.82,,6,1.0,107.51,0.9,0.0,1.42,,,,,,,,,,,
491.0,walking data.txt,0,0.0,0.0,0.62,1.93,1.53,25.3,78.98,10.21,,0,12.0,128.34,0.9,0.06,1.43,,,,,,,,,,,
492.0,walking data.txt,0,0.0,0.0,0.59,1.69,0.67,21.1,75.43,8.81,,0,17.0,188.7,0.91,0.2,1.53,,,,,,,,,,,
493.0,walking data.txt,0,0.0,0.0,0.57,1.65,0.49,21.09,77.31,18.95,,0,25.0,160.49,0.84,0.2,1.46,,,,,,,,,,,
494.0,walking data.txt,0,0.0,0.0,0.67,1.9,0.78,18.97,82.54,8.23,,0,15.0,147.45,0.86,0.11,1.45,,,,,,,,,,,
495.0,walking data.txt,0,0.0,0.0,0.6,1.75,0.4,19.58,78.54,19.99,,1,23.0,174.78,0.94,0.19,1.5,,,,,,,,,,,
496.0,walking data.txt,0,0.0,0.0,0.64,1.79,0.77,15.73,77.71,12.03,,0,37.0,161.55,0.94,0.08,1.51,,,,,,,,,,,
497.0,walking data.txt,0,0.0,0.0,0.53,1.69,0.59,14.4,78.73,13.17,,0,2.0,137.5,0.97,0.09,1.45,,,,,,,,,,,
498.0,walking data.txt,0,0.0,0.0,0.74,1.8,1.02,31.96,76.33,20.43,,5,13.0,157.38,0.91,0.2,1.52,,,,,,,,,,,
499.0,walking data.txt,0,0.0,0.0,0.59,1.45,0.62,23.1,76.06,4.19,,0,27.0,156.63,0.95,0.13,1.51,,,,,,,,,,,
500.0,walking data.txt,0,0.0,0.0,0.43,1.6,1.08,8.39,77.98,2.15,,1,37.0,155.43,0.91,0.09,1.45,,,,,,,,,,,
501.0,walking data.txt,0,0.0,0.0,0.55,1.63,0.97,15.47,76.27,13.81,,7,2.0,131.13,0.87,0.17,1.47,,,,,,,,,,,
502.0,walking data.txt,0,0.0,0.0,0.48,1.64,0.42,10.92,70.62,0.77,,1,30.0,152.52,0.92,0.18,1.54,,,,,,,,,,,
503.0,walking data.txt,0,0.0,0.0,0.65,1.92,0.93,16.35,81.69,12.0,,0,37.0,155.63,0.93,0.05,1.44,,,,,,,,,,,
504.0,walking data.txt,0,0.0,0.0,0.53,1.66,0.58,9.16,74.66,13.99,,5,22.0,138.27,0.82,0.11,1.47,,,,,,,,,,,
505.0,walking data.txt,0,0.0,0.0,0.55,1.75,1.2,26.57,68.8,0.86,,0,27.0,152.58,0.84,0.08,1.53,,,,,,,,,,,
506.0,walking data.txt,0,0.0,0.0,0.61,1.72,0.42,13.84,80.24,11.89,,1,18.0,143.3,0.82,0.11,1.42,,,,,,,,,,,
507.0,walking data.txt,0,0.0,0.0,0.54,1.77,0.45,10.36,78.39,1.41,,0,31.0,157.34,0.83,0.22,1.45,,,,,,,,,,,
508.0,walking data.txt,0,0.0,0.0,0.58,1.84,0.68,13.28,74.39,10.33,,0,13.0,162.6,0.91,0.18,1.5,,,,,,,,,,,
509.0,walking data.txt,0,0.0,0.0,0.6,1.8,0.48,17.46,81.16,3.4,,0,19.0,156.53,0.92,0.09,1.41,,,,,,,,,,,
510.0,walking data.txt,0,0.0,0.0,0.56,1.86,0.81,10.08,76.35,0.43,,0,22.0,174.25,0.77,0.21,1.55,,,,,,,,,,,
511.0,walking data.txt,0,0.0,0.0,0.54,1.76,0.43,12.04,70.64,3.44,,2,27.0,150.61,0.83,0.2,1.55,,,,,,,,,,,
512.0,walking data.txt,0,0.0,0.0,0.58,1.82,0.8,14.66,79.91,8.06,,0,20.0,175.45,0.95,0.26,1.48,,,,,,,,,,,
513.0,walking data.txt,0,0.0,0.0,0.63,1.83,0.47,20.51,76.02,16.09,,0,38.0,224.33,0.97,0.38,1.65,,,,,,,,,,,
514.0,walking data.txt,0,0.0,0.0,0.58,1.72,0.77,15.21,75.61,12.16,,0,28.0,163.73,0.93,0.16,1.58,,,,,,,,,,,
515.0,walking data.txt,0,0.0,0.0,0.6,2.22,1.45,22.98,79.14,7.69,,0,28.0,159.25,0.85,0.21,1.53,,,,,,,,,,,
516.0,walking data.txt,0,0.0,0.0,0.56,1.83,0.55,13.86,70.75,24.36,,0,34.0,174.51,0.86,0.15,1.56,,,,,,,,,,,
517.0,walking data.txt,0,0.0,0.0,0.68,2.03,0.88,18.81,72.4,16.44,,0,17.0,169.63,0.94,0.13,1.58,,,,,,,,,,,
518.0,walking data.txt,0,0.0,0.0,0.54,1.78,0.51,11.21,80.07,1.06,,0,32.0,162.42,0.93,0.2,1.43,,,,,,,,,,,
519.0,walking data.txt,0,0.0,0.0,0.79,2.33,0.68,30.56,73.67,2.51,,0,17.0,137.18,0.73,0.07,1.53,,,,,,,,,,,
520.0,walking data.txt,0,0.0,0.0,0.53,1.72,0.64,11.47,65.67,7.94,,0,6.0,93.12,0.79,0.07,1.5,,,,,,,,,,,
521.0,walking data.txt,0,0.0,0.0,0.57,1.8,0.83,13.23,75.09,3.48,,0,16.0,147.09,0.89,0.15,1.48,,,,,,,,,,,
522.0,walking data.txt,0,0.0,0.0,0.51,1.77,1.15,13.45,78.97,10.8,,0,26.0,168.97,0.84,0.21,1.53,,,,,,,,,,,
523.0,walking data.txt,0,0.0,0.0,0.51,1.58,0.61,15.38,73.6,17.82,,0,15.0,142.15,0.85,0.1,1.5,,,,,,,,,,,
524.0,walking data.txt,0,0.0,0.0,0.57,1.85,0.85,11.44,79.43,14.15,,0,32.0,165.01,0.92,0.14,1.46,,,,,,,,,,,
525.0,walking data.txt,0,0.0,0.0,0.56,1.68,0.68,9.88,77.61,7.95,,5,16.0,138.32,0.87,0.07,1.42,,,,,,,,,,,
526.0,walking data.txt,0,0.0,0.0,0.54,1.74,1.13,14.33,71.92,9.35,,0,22.0,155.68,0.8,0.15,1.55,,,,,,,,,,,
527.0,walking data.txt,0,0.0,0.0,0.66,1.74,0.26,22.31,73.56,8.74,,7,36.0,184.94,0.94,0.23,1.54,,,,,,,,,,,
528.0,walking data.txt,0,0.0,0.0,0.63,1.82,0.8,16.44,81.08,7.91,,0,15.0,157.05,0.92,0.08,1.46,,,,,,,,,,,
529.0,walking data.txt,0,0.0,0.0,0.57,1.53,0.66,19.13,77.59,15.85,,7,17.0,131.8,0.82,0.12,1.43,,,,,,,,,,,
530.0,walking data.txt,0,0.0,0.0,0.54,1.66,0.28,15.78,76.99,9.58,,1,24.0,154.26,0.93,0.15,1.45,,,,,,,,,,,
531.0,walking data.txt,0,0.0,0.0,0.43,1.71,1.42,12.38,78.71,15.81,,1,28.0,155.5,0.83,0.16,1.44,,,,,,,,,,,
532.0,walking data.txt,0,0.0,0.0,0.51,1.69,1.35,18.97,65.62,5.45,,4,8.0,136.27,0.92,0.0,1.49,,,,,,,,,,,
533.0,walking data.txt,0,0.0,0.0,0.58,1.94,1.61,23.52,79.67,11.74,,0,29.0,159.0,0.95,0.13,1.46,,,,,,,,,,,
534.0,walking data.txt,0,0.0,0.0,0.61,1.87,0.88,14.22,75.07,3.26,,0,17.0,147.16,0.76,0.18,1.49,,,,,,,,,,,
535.0,walking data.txt,0,0.0,0.0,0.66,1.76,0.4,29.09,73.67,4.12,,0,27.0,162.29,0.97,0.17,1.51,,,,,,,,,,,
536.0,walking data.txt,0,0.0,0.0,0.7,1.8,0.9,22.5,77.92,23.73,,8,14.0,136.51,0.9,0.14,1.45,,,,,,,,,,,
537.0,walking data.txt,0,0.0,0.0,0.78,2.0,0.39,32.97,76.79,10.1,,0,27.0,181.32,0.98,0.23,1.5,,,,,,,,,,,
538.0,walking data.txt,0,0.0,0.0,0.63,1.86,0.73,18.6,82.98,7.86,,0,34.0,184.02,0.92,0.2,1.51,,,,,,,,,,,
539.0,walking data.txt,0,0.0,0.0,0.56,1.66,0.52,14.72,75.32,15.75,,0,15.0,149.73,0.87,0.03,1.44,,,,,,,,,,,
540.0,walking data.txt,0,0.0,0.0,0.42,1.8,1.39,25.83,-5.46,34.89,,2,0.0,171.14,0.84,0.1,1.59,,,,,,,,,,,
541.0,walking data.txt,0,0.0,0.0,0.65,1.56,0.47,25.62,77.45,18.45,,8,0.0,134.63,0.8,0.15,1.52,,,,,,,,,,,
542.0,walking data.txt,0,0.0,0.0,0.49,1.69,0.93,8.62,79.37,13.14,,0,36.0,172.2,0.83,0.15,1.44,,,,,,,,,,,
543.0,walking data.txt,0,0.0,0.0,0.59,1.68,0.72,22.78,74.44,1.61,,0,37.0,199.03,0.97,0.3,1.59,,,,,,,,,,,
544.0,walking data.txt,0,0.0,0.0,0.66,2.0,1.06,18.42,77.01,10.95,,0,33.0,181.27,0.96,0.23,1.52,,,,,,,,,,,
545.0,walking data.txt,0,0.0,0.0,0.51,1.65,0.61,10.6,80.29,14.13,,1,23.0,144.94,0.84,0.08,1.37,,,,,,,,,,,
546.0,walking data.txt,0,0.0,0.0,0.53,1.8,1.06,9.85,72.79,9.28,,0,19.0,158.35,0.92,0.12,1.56,,,,,,,,,,,
547.0,walking data.txt,0,0.0,0.0,0.67,2.06,0.12,17.31,77.32,1.76,,0,58.0,181.49,0.96,0.23,1.44,,,,,,,,,,,
548.0,walking data.txt,0,0.0,0.0,0.6,1.9,0.84,12.65,77.47,0.94,,0,18.0,166.81,0.82,0.18,1.52,,,,,,,,,,,
549.0,walking data.txt,0,0.0,0.0,0.46,1.57,0.54,11.46,71.99,8.05,,0,41.0,163.36,0.95,0.12,1.51,,,,,,,,,,,
550.0,object picking(1).txt,0,,,0.55,1.53,0.81,18.32,75.57,,,5,11.0,101.22,0.71,0.26,1.54,0.0,,,,,,,,,,
551.0,object picking(1).txt,0,,,0.71,1.5,0.57,20.33,77.83,,,32,0.0,71.63,0.44,0.22,1.52,0.0,,,,,,,,,,
552.0,object picking(1).txt,0,,,0.81,1.67,0.21,26.9,75.06,,,34,0.0,102.52,0.54,0.28,1.75,0.0,,,,,,,,,,
553.0,object picking(1).txt,0,,,0.8,1.63,0.37,26.99,77.26,,,45,0.0,73.09,0.41,0.28,1.55,0.0,,,,,,,,,,
554.0,object picking(1).txt,0,,,0.7,1.32,0.85,31.76,70.35,,,27,0.0,106.22,0.56,0.27,1.84,0.0,,,,,,,,,,
555.0,object picking(1).txt,0,,,0.79,1.6,0.32,26.78,76.0,,,32,0.0,88.08,0.4,0.27,1.66,0.0,,,,,,,,,,
556.0,object picking(1).txt,0,,,0.96,1.9,0.13,43.23,74.19,,,45,0.0,87.82,0.48,0.3,1.84,0.0,,,,,,,,,,
557.0,object picking(1).txt,0,,,0.7,1.45,0.37,22.99,74.31,,,28,0.0,86.52,0.42,0.19,1.61,0.0,,,,,,,,,,
558.0,object picking(1).txt,0,,,0.79,1.73,0.29,19.45,77.79,,,43,0.0,103.86,0.55,0.27,1.82,0.0,,,,,,,,,,
559.0,object picking(1).txt,0,,,0.64,1.41,0.67,16.79,80.05,,,19,0.0,85.27,0.52,0.13,1.47,0.0,,,,,,,,,,
560.0,object picking(1).txt,0,,,0.54,1.25,0.97,25.87,78.4,,,9,6.0,85.23,0.57,0.03,1.35,0.0,,,,,,,,,,
561.0,object picking(1).txt,0,,,0.87,4.39,1.11,234.62,67.0,,,34,0.0,76.03,0.41,0.03,2.19,0.0,,,,,,,,,,
562.0,object picking(1).txt,0,,,0.72,1.56,0.39,18.14,77.87,,,42,0.0,95.78,0.57,0.25,1.74,0.0,,,,,,,,,,
563.0,object picking(1).txt,0,,,0.55,1.58,0.28,17.69,75.58,,,4,0.0,93.13,0.59,0.3,1.57,0.0,,,,,,,,,,
564.0,object picking(1).txt,0,,,0.7,1.66,0.58,11.16,78.25,,,42,0.0,79.32,0.52,0.19,1.57,0.0,,,,,,,,,,
565.0,object picking(1).txt,0,,,0.76,1.66,0.49,18.94,79.26,,,39,0.0,78.76,0.51,0.11,1.46,0.0,,,,,,,,,,
566.0,object picking(1).txt,0,,,0.82,1.83,0.95,32.22,79.79,,,91,0.0,28.11,0.12,0.02,1.36,0.0,,,,,,,,,,
567.0,object picking(1).txt,0,,,0.65,1.36,0.6,19.4,80.2,,,36,0.0,87.97,0.57,0.19,1.56,0.0,,,,,,,,,,
568.0,object picking(1).txt,0,,,0.79,1.57,0.49,27.69,78.57,,,42,0.0,69.87,0.53,0.23,1.59,0.0,,,,,,,,,,
569.0,object picking(1).txt,0,,,0.73,1.69,0.47,12.99,79.82,,,42,0.0,96.95,0.55,0.25,1.74,0.0,,,,,,,,,,
570.0,object picking(1).txt,0,,,0.86,1.73,0.4,29.9,77.02,,,46,0.0,79.04,0.52,0.24,1.73,0.0,,,,,,,,,,
571.0,object picking(1).txt,0,,,0.85,1.58,0.37,35.2,81.56,,,35,0.0,60.87,0.41,0.25,1.56,0.0,,,,,,,,,,
572.0,object picking(1).txt,0,,,0.7,1.45,0.4,21.77,79.79,,,34,0.0,107.02,0.58,0.24,1.61,0.0,,,,,,,,,,
573.0,object picking(1).txt,0,,,0.76,1.55,0.2,25.81,80.99,,,31,0.0,94.31,0.58,0.2,1.58,0.0,,,,,,,,,,
574.0,alternate fall out push on floor(wi(1).txt,1,,,0.58,1.32,0.97,17.21,81.03,,,7,0.0,140.07,0.54,0.15,1.7,1.0,,,,,,,,,,
575.0,alternate fall out push on floor(wi(1).txt,1,,,0.65,1.25,0.36,34.02,74.88,,,5,0.0,90.86,0.43,0.12,1.81,1.0,,,,,,,,,,
576.0,alternate fall out push on floor(wi(1).txt,1,,,0.65,1.95,1.68,21.97,75.8,,,0,19.0,119.37,0.73,0.0,1.46,1.0,,,,,,,,,,
577.0,alternate fall out push on floor(wi(1).txt,1,,,0.64,1.69,0.84,28.25,78.7,,,0,4.0,218.62,0.82,0.16,1.86,1.0,,,,,,,,,,
578.0,alternate fall out push on floor(wi(1).txt,1,,,0.64,1.37,0.88,16.6,79.39,,,20,0.0,77.4,0.5,0.0,1.42,1.0,,,,,,,,,,
579.0,alternate fall out push on floor(wi(1).txt,1,,,0.66,1.51,0.62,20.06,76.22,,,7,0.0,62.22,0.46,0.01,1.56,1.0,,,,,,,,,,
580.0,alternate fall out push on floor(wi(1).txt,1,,,0.7,1.57,0.81,15.05,77.72,,,57,0.0,58.8,0.41,0.0,1.37,1.0,,,,,,,,,,
581.0,alternate fall out push on floor(wi(1).txt,1,,,0.51,1.49,0.81,17.74,72.5,,,0,1.0,62.8,0.45,0.0,1.4,1.0,,,,,,,,,,
582.0,alternate fall out push on floor(wi(1).txt,1,,,0.79,1.44,0.75,34.7,75.92,,,52,0.0,76.44,0.44,0.0,1.49,1.0,,,,,,,,,,
,,0,,,0.9,4.31,0.84,304.47,75.19,10.33,1.59,18,0.0,,,,,,1669.0,133.0,327.0,211.0,202.0,455.49,1572.26,1571.3,5.91,10.33
,,1,,,0.97,2.18,0.26,48.83,77.66,22.9,17.75,14,0.0,,,,,,183.0,11.0,673.0,603.0,639.9,178.14,14207.09,14129.72,9.39,22.9
,,1,,,0.99,2.54,0.15,71.1,74.84,9.83,35.64,28,0.0,,,,,,357.0,22.0,733.0,500.0,565.05,200.89,13699.7,12606.69,2.25,9.83
,,1,,,0.79,1.72,0.82,24.09,73.72,8.64,14.45,18,0.0,,,,,,357.0,34.0,454.0,329.0,531.46,-184.56,22598.41,32044.81,4.4,8.64
,,1,,,0.99,2.05,0.16,55.24,74.24,17.12,42.35,17,0.0,,,,,,594.0,34.0,640.0,344.0,641.51,-1.74,16406.32,16764.54,14.62,17.12
,,1,,,0.86,2.4,0.26,76.89,73.07,18.77,10.75,1,0.0,,,,,,786.0,34.0,546.0,344.0,611.17,537.65,21472.4,24877.69,6.43,18.77
,,1,,,0.98,2.65,0.57,67.67,73.94,12.89,16.34,16,0.0,,,,,,972.0,34.0,696.0,594.0,645.38,392.75,21189.88,21300.95,2.69,12.89
,,1,,,0.97,4.92,0.34,237.5,77.81,16.26,45.22,12,0.0,,,,,,1194.0,47.0,595.0,548.0,462.87,317.0,11843.5,11097.96,7.47,16.26
,,1,,,0.97,2.2,0.45,72.93,71.54,14.61,25.7,20,0.0,,,,,,1334.0,47.0,747.0,608.0,568.24,105.85,14609.56,12354.44,9.48,14.61
,,1,,,0.87,1.97,0.32,63.57,72.36,22.23,25.37,2,0.0,,,,,,1478.0,59.0,685.0,505.0,587.37,156.37,21922.33,21662.02,6.87,22.23
,,1,,,0.96,1.99,0.22,69.99,70.5,19.39,1.78,18,0.0,,,,,,1600.0,59.0,706.0,591.0,668.06,33.84,20256.92,19219.71,8.52,19.39
,,1,,,0.93,2.71,0.29,88.56,73.19,10.69,3.9,8,0.0,,,,,,1717.0,59.0,618.0,618.0,757.81,314.27,21067.66,22282.3,13.14,10.69
,,1,,,0.9,1.78,0.33,53.9,78.78,19.34,19.51,16,0.0,,,,,,2325.0,106.0,503.0,410.0,576.54,312.96,17445.68,22524.65,7.94,19.34
,,1,,,1.0,2.07,0.17,49.58,75.07,17.23,51.28,41,0.0,,,,,,2547.0,118.0,738.0,349.0,745.01,37.33,21594.68,22431.87,9.04,17.23
,,1,,,1.0,3.85,0.39,132.51,74.3,22.78,27.94,41,0.0,,,,,,2807.0,129.0,742.0,356.0,697.71,100.69,21158.13,21482.97,5.79,22.78
,,1,,,0.73,1.58,0.19,22.51,69.86,22.07,28.29,48,0.0,,,,,,3033.0,129.0,896.0,422.0,676.23,33.77,20605.2,16727.35,7.52,22.07
,,1,,,0.93,2.35,0.27,79.62,67.6,20.88,30.39,11,0.0,,,,,,3555.0,199.0,504.0,468.0,574.78,474.27,17240.04,20731.95,15.34,20.88
,,1,,,1.0,4.15,0.34,183.78,75.73,4.98,25.32,31,0.0,,,,,,3866.0,211.0,675.0,274.0,651.59,-12.76,24611.17,27673.68,3.67,4.98
,,1,,,0.98,4.02,0.26,145.47,76.23,14.83,32.6,17,0.0,,,,,,4116.0,222.0,502.0,398.0,580.15,426.17,13000.83,16278.43,10.12,14.83
,,1,,,0.99,5.46,0.35,243.58,74.89,15.55,17.75,20,0.0,,,,,,5044.0,234.0,621.0,376.0,768.26,238.79,15378.3,17891.37,1.93,15.55
,,1,,,0.79,1.55,0.67,33.88,81.9,6.13,18.09,14,0.0,,,,,,5165.0,234.0,309.0,240.0,321.58,667.69,6582.62,9120.89,2.09,6.13
,,1,,,0.99,1.97,0.34,41.33,74.36,12.31,24.78,39,0.0,,,,,,5815.0,234.0,778.0,407.0,759.87,255.77,22506.77,20816.91,4.87,12.31
,,1,,,0.72,1.49,0.54,24.72,78.98,2.33,13.02,39,0.0,,,,,,5902.0,234.0,911.0,175.0,90.41,-6.73,2861.1,366.62,6.61,2.33
,,1,,,0.99,3.17,0.04,104.13,75.48,9.32,6.72,33,0.0,,,,,,6280.0,257.0,972.0,677.0,306.61,94.86,7829.83,2403.88,9.9,9.32
,,1,,,0.88,2.11,0.77,43.72,71.35,13.26,7.77,15,0.0,,,,,,10301.0,634.0,261.0,179.0,121.57,-50.62,1116.17,875.68,1.67,13.26
,,1,,,0.72,1.46,0.34,29.95,68.54,18.85,12.05,19,0.0,,,,,,10713.0,634.0,545.0,412.0,733.77,-46.77,23530.7,28304.21,1.97,18.85
,,1,,,0.98,3.42,0.19,177.62,70.44,26.45,4.33,33,0.0,,,,,,11054.0,634.0,746.0,448.0,675.89,234.76,18821.64,14523.74,6.4,26.45
,,1,,,0.74,1.47,0.19,28.24,73.47,16.07,15.58,23,0.0,,,,,,11345.0,634.0,597.0,417.0,679.0,237.13,25118.07,24184.37,4.3,16.07
,,1,,,0.99,2.45,0.44,50.88,74.8,13.35,30.08,19,0.0,,,,,,11643.0,647.0,548.0,414.0,613.59,98.22,18567.45,20916.8,7.37,13.35
,,1,,,0.95,4.05,0.23,278.24,67.06,25.68,17.43,17,0.0,,,,,,11936.0,659.0,677.0,311.0,533.42,254.14,23020.59,21369.73,0.68,25.68
,,1,,,0.95,4.8,0.29,203.73,66.51,21.46,35.96,44,0.0,,,,,,12570.0,670.0,756.0,330.0,674.89,127.27,22641.85,21295.53,7.37,21.46
,,1,,,0.83,1.9,0.5,44.85,68.66,14.95,25.66,13,0.0,,,,,,12768.0,670.0,454.0,396.0,532.82,3.52,14988.43,17595.68,4.66,14.95
,,1,,,0.95,4.12,0.23,179.53,67.6,7.45,38.34,26,0.0,,,,,,622.0,26.0,678.0,462.0,520.4,284.53,13782.92,14819.05,1.97,7.45
,,1,,,0.81,5.39,0.57,265.66,62.98,7.91,63.75,13,0.0,,,,,,1440.0,89.0,445.0,249.0,423.42,527.46,8347.57,11823.2,1.07,7.91
,,1,,,0.83,1.52,0.5,69.93,77.34,23.2,26.58,31,0.0,,,,,,1820.0,100.0,734.0,461.0,680.76,199.84,15365.25,13837.31,3.27,23.2
,,1,,,0.99,4.64,0.19,169.43,74.59,7.41,38.77,24,0.0,,,,,,2129.0,111.0,788.0,596.0,550.59,329.41,22819.61,20076.62,0.56,7.41
,,1,,,0.95,2.12,0.15,48.3,65.77,16.14,27.71,45,0.0,,,,,,2505.0,122.0,865.0,425.0,554.42,31.03,19613.52,17754.27,4.22,16.14
,,1,,,0.89,2.73,0.39,122.92,54.32,4.6,50.63,62,0.0,,,,,,2974.0,133.0,1115.0,475.0,746.74,174.51,38751.25,25390.59,5.53,4.6
,,1,,,0.98,4.45,0.33,188.02,71.39,3.74,28.69,43,0.0,,,,,,3292.0,156.0,877.0,462.0,726.5,237.61,25339.26,21710.84,5.0,3.74
,,1,,,0.96,2.37,0.4,84.3,70.42,19.58,40.44,12,0.0,,,,,,3612.0,216.0,673.0,355.0,586.65,190.15,16463.15,15766.13,0.59,19.58
,,1,,,0.88,1.83,0.27,48.37,70.13,2.87,41.19,10,0.0,,,,,,4025.0,216.0,694.0,671.0,659.0,359.43,20670.11,20928.52,3.06,2.87
,,1,,,0.84,1.82,0.15,49.27,56.1,4.12,45.22,60,0.0,,,,,,4191.0,228.0,962.0,344.0,508.96,222.72,14634.24,12006.68,7.31,4.12
,,1,,,0.99,2.03,0.28,70.98,73.53,22.74,27.13,42,0.0,,,,,,4568.0,228.0,995.0,428.0,642.01,211.24,31117.37,23618.33,0.42,22.74
,,1,,,1.0,3.71,0.54,188.27,76.23,12.27,40.84,33,0.0,,,,,,4876.0,280.0,734.0,286.0,563.07,382.92,23550.1,24861.29,0.28,12.27
,,1,,,0.88,1.66,0.33,50.65,78.33,5.89,22.15,37,0.0,,,,,,5227.0,280.0,858.0,346.0,670.13,136.14,33279.93,27708.29,4.04,5.89
,,1,,,1.0,4.25,0.31,130.65,78.11,14.65,58.55,37,0.0,,,,,,5589.0,291.0,753.0,404.0,553.45,402.25,18478.82,18516.44,1.11,14.65
,,1,,,1.0,4.14,0.51,178.54,81.66,19.26,56.06,39,0.0,,,,,,5671.0,304.0,832.0,466.0,578.42,294.06,17354.26,14658.04,4.62,19.26
,,1,,,0.89,1.7,0.31,56.27,74.88,12.07,14.2,35,0.0,,,,,,5991.0,304.0,833.0,513.0,525.82,192.0,17317.93,13021.68,2.27,12.07
,,1,,,0.82,1.51,0.35,38.42,82.03,21.53,21.0,24,0.0,,,,,,6308.0,315.0,764.0,573.0,621.8,2.29,14475.75,13427.67,3.07,21.53
,,1,,,1.0,2.48,0.5,61.11,74.45,4.53,64.19,46,0.0,,,,,,6499.0,327.0,984.0,354.0,586.44,268.59,22183.54,14808.44,4.42,4.53
,,1,,,0.98,2.02,0.56,49.84,75.81,13.54,32.79,23,0.0,,,,,,6898.0,327.0,575.0,401.0,488.52,255.33,10138.44,10348.75,1.37,13.54
,,1,,,1.0,2.32,0.44,76.95,81.17,19.11,34.74,40,0.0,,,,,,7100.0,362.0,806.0,423.0,521.31,171.64,15438.23,13252.84,1.56,19.11
,,1,,,0.99,4.07,0.44,212.77,78.34,19.44,36.31,12,0.0,,,,,,7547.0,362.0,665.0,451.0,543.76,193.54,16012.7,14987.98,6.23,19.44
,,1,,,0.87,2.7,0.59,55.9,70.96,3.88,35.66,32,0.0,,,,,,8221.0,446.0,839.0,377.0,636.79,162.95,24575.91,23136.97,1.77,3.88
,,1,,,0.87,1.7,0.32,39.27,71.35,0.07,38.07,22,0.0,,,,,,8507.0,446.0,859.0,539.0,656.43,79.23,24701.44,18400.78,2.25,0.07
,,1,,,0.97,4.82,0.38,246.87,69.41,7.42,74.73,43,0.0,,,,,,9196.0,481.0,923.0,507.0,744.07,334.35,31418.27,23726.29,3.46,7.42
,,1,,,0.99,4.3,0.33,215.05,72.1,14.8,46.67,45,0.0,,,,,,9528.0,492.0,993.0,555.0,578.13,301.2,20921.46,12688.85,0.21,14.8
,,1,,,0.82,1.64,0.47,32.64,69.81,10.65,48.23,44,0.0,,,,,,10393.0,492.0,1014.0,592.0,684.48,59.33,33589.21,23357.45,4.81,10.65
,,1,,,0.99,2.31,0.23,97.81,73.38,3.77,16.7,47,0.0,,,,,,10654.0,516.0,878.0,417.0,560.66,118.13,16404.34,14289.98,0.75,3.77
,,1,,,0.89,5.6,0.84,256.64,75.05,6.13,37.54,31,0.0,,,,,,11423.0,539.0,982.0,707.0,604.14,527.33,15108.13,8481.5,0.72,6.13
,,1,,,1.0,4.08,0.53,183.05,76.72,22.45,54.13,34,0.0,,,,,,11879.0,550.0,903.0,594.0,644.54,200.82,27934.55,19121.41,6.95,22.45
,,1,,,0.98,4.1,0.37,336.83,72.14,3.52,72.62,29,0.0,,,,,,12184.0,561.0,789.0,539.0,575.63,223.76,20642.64,16721.21,1.96,3.52
,,1,,,0.91,4.2,0.59,175.32,77.95,1.58,36.87,39,0.0,,,,,,12636.0,572.0,900.0,535.0,637.54,133.47,26857.46,19360.75,1.96,1.58
,,1,,,0.99,4.19,0.33,210.85,73.51,6.75,38.72,30,0.0,,,,,,13176.0,572.0,813.0,550.0,699.99,337.01,25238.63,20938.62,0.16,6.75
,,1,,,0.7,2.05,0.61,113.36,76.08,19.33,2.54,0,0.0,,,,,,13299.0,618.0,240.0,443.0,296.79,985.04,1249.52,1617.35,2.95,19.33
,,1,,,0.98,1.95,0.22,57.37,78.79,19.36,23.91,21,0.0,,,,,,13684.0,642.0,888.0,355.0,722.04,36.76,26646.23,21948.38,4.01,19.36
,,1,,,0.9,1.82,0.45,40.51,68.25,7.04,53.09,39,0.0,,,,,,14027.0,642.0,832.0,287.0,658.88,101.4,24177.86,22879.29,1.06,7.04
,,1,,,0.89,1.71,0.24,44.98,72.71,18.71,50.39,51,0.0,,,,,,14483.0,642.0,1034.0,523.0,564.89,113.0,26309.0,18143.35,5.01,18.71
,,1,,,1.0,4.02,0.35,239.86,74.75,16.14,50.54,48,0.0,,,,,,14801.0,642.0,960.0,482.0,697.65,139.21,30763.69,23462.43,2.02,16.14
,,1,,,0.97,2.03,0.42,46.91,70.53,18.23,43.42,41,0.0,,,,,,15057.0,642.0,868.0,478.0,633.62,114.44,29455.23,23741.48,1.45,18.23
,,1,,,0.91,2.68,0.2,90.29,79.14,8.59,17.95,34,0.0,,,,,,15524.0,654.0,869.0,560.0,659.94,194.94,25880.69,21655.98,7.52,8.59
,,1,,,0.89,4.28,0.32,177.95,69.64,11.56,72.86,4,0.0,,,,,,15868.0,666.0,786.0,513.0,715.61,222.51,32360.63,28242.93,4.75,11.56
,,1,,,1.0,4.18,0.44,197.63,74.68,0.69,44.38,29,0.0,,,,,,16182.0,678.0,789.0,548.0,672.78,247.15,23426.34,23371.54,1.13,0.69
,,1,,,0.9,1.72,0.45,46.02,80.35,21.32,28.13,25,0.0,,,,,,16526.0,690.0,760.0,562.0,456.74,105.14,13655.97,11741.39,4.14,21.32
,,1,,,0.99,4.01,0.16,203.43,81.41,11.13,42.91,22,0.0,,,,,,17070.0,727.0,673.0,511.0,412.94,195.67,12479.72,11327.53,5.89,11.13
,,1,,,0.91,1.95,0.27,40.25,72.48,26.51,32.32,8,0.0,,,,,,17542.0,762.0,753.0,753.0,515.77,110.35,19829.07,14768.14,9.1,26.51
,,1,,,0.96,2.36,0.18,70.46,68.4,5.81,43.81,39,0.0,,,,,,17891.0,762.0,793.0,427.0,715.51,233.57,26920.33,25813.67,1.61,5.81
,,1,,,0.99,4.22,0.4,211.85,81.1,11.01,51.72,27,0.0,,,,,,18377.0,775.0,754.0,530.0,483.85,440.36,14182.25,11644.97,2.23,11.01
,,1,,,1.0,2.52,0.26,88.89,75.95,16.46,34.59,33,0.0,,,,,,18779.0,834.0,746.0,450.0,686.17,535.28,24199.78,24062.12,0.25,16.46
,,1,,,0.98,3.74,0.67,184.45,76.89,20.16,49.17,11,0.0,,,,,,19143.0,834.0,749.0,714.0,436.04,124.02,13385.34,11218.08,1.82,20.16
,,1,,,0.99,4.0,0.44,211.06,81.77,12.56,34.96,27,0.0,,,,,,19416.0,834.0,671.0,452.0,452.45,41.49,11904.78,11112.67,4.35,12.56
,,1,,,0.82,1.5,0.22,39.73,75.61,22.47,15.57,28,0.0,,,,,,19781.0,834.0,760.0,524.0,468.87,-10.75,13832.1,10981.9,10.87,22.47
,,1,,,0.99,2.37,0.26,66.56,81.04,18.09,19.4,21,0.0,,,,,,20122.0,845.0,699.0,417.0,549.95,201.87,15262.3,13934.75,5.25,18.09
,,1,,,0.88,2.33,1.37,50.5,73.1,7.98,1.49,78,0.0,,,,,,20300.0,890.0,1176.0,345.0,143.77,19.22,4155.2,856.7,4.08,7.98
,,1,,,0.76,2.72,0.86,97.63,64.01,0.76,27.64,2,0.0,,,,,,20300.0,901.0,288.0,345.0,248.16,286.47,2991.11,4511.84,16.58,0.76
,,1,,,0.72,1.49,0.63,34.13,68.32,7.55,2.5,9,0.0,,,,,,20324.0,901.0,128.0,117.0,77.43,-60.97,329.92,188.29,1.96,7.55
,,1,,,0.85,3.2,0.44,165.03,83.93,2.38,25.84,6,0.0,,,,,,736.0,61.0,219.0,568.0,307.11,1096.3,1185.29,1459.7,5.33,2.38
,,1,,,0.8,2.12,0.7,77.03,81.49,6.93,14.1,17,0.0,,,,,,748.0,72.0,354.0,243.0,245.21,350.04,1512.65,1838.77,1.41,6.93
,,1,,,0.89,2.44,1.0,91.35,74.54,35.68,4.23,39,0.0,,,,,,748.0,72.0,969.0,604.0,346.1,26.14,12771.71,7395.16,8.52,35.68
,,1,,,0.99,3.34,0.48,120.04,74.64,13.76,21.84,29,0.0,,,,,,921.0,83.0,735.0,485.0,358.12,-62.82,14168.39,9849.71,7.45,13.76
,,1,,,0.9,3.15,0.17,168.95,79.01,6.64,22.31,12,0.0,,,,,,1448.0,129.0,264.0,217.0,389.91,1180.87,2977.73,6111.48,4.72,6.64
,,1,,,0.76,1.46,0.35,41.5,72.79,22.02,8.89,18,0.0,,,,,,1495.0,129.0,481.0,358.0,272.94,419.82,3751.4,3143.89,9.01,22.02
,,1,,,0.93,1.91,0.51,33.13,71.19,10.45,22.07,42,0.0,,,,,,1752.0,165.0,1040.0,639.0,394.28,31.84,19704.83,9732.01,5.92,10.45
,,1,,,0.83,1.79,0.78,25.61,80.88,10.84,3.89,12,0.0,,,,,,2061.0,176.0,732.0,318.0,130.95,11.93,3286.98,1034.61,2.65,10.84
,,1,,,0.72,1.74,0.76,45.28,82.76,5.77,2.41,8,0.0,,,,,,2061.0,212.0,198.0,198.0,103.06,237.27,433.76,634.85,4.5,5.77
,,1,,,1.0,2.34,0.38,73.71,75.75,13.14,18.69,41,0.0,,,,,,2331.0,212.0,877.0,480.0,426.03,-27.2,19590.63,12169.78,2.79,13.14
,,1,,,0.99,2.56,0.4,81.31,75.47,13.59,17.66,25,0.0,,,,,,2581.0,224.0,712.0,510.0,586.16,85.29,12202.44,9946.15,8.54,13.59
,,1,,,0.89,4.11,1.35,166.97,74.58,39.65,26.6,48,0.0,,,,,,2581.0,260.0,1060.0,591.0,341.63,52.35,15342.91,7739.87,8.63,39.65
,,1,,,0.97,2.09,0.46,72.46,69.24,14.67,22.86,39,0.0,,,,,,2811.0,296.0,1068.0,701.0,483.35,-41.46,36418.2,19237.17,10.11,14.67
,,1,,,0.78,1.72,0.73,45.7,75.17,20.21,7.85,10,0.0,,,,,,3215.0,406.0,285.0,262.0,168.11,-133.82,1678.21,1271.49,1.34,20.21
,,1,,,0.99,2.18,0.39,60.97,73.79,21.17,4.12,45,0.0,,,,,,3425.0,451.0,1190.0,746.0,362.63,191.86,12883.27,5201.28,4.21,21.17
,,1,,,0.96,2.17,0.77,33.92,79.03,14.96,4.83,13,0.0,,,,,,4622.0,566.0,402.0,344.0,113.7,31.29,1899.52,770.81,3.67,14.96
,,1,,,1.0,3.95,0.36,137.21,79.07,20.34,8.46,21,0.0,,,,,,5108.0,578.0,646.0,489.0,315.6,121.25,6715.16,3990.85,7.75,20.34
,,1,,,0.96,3.89,0.62,147.05,67.34,9.5,40.18,47,0.0,,,,,,5225.0,589.0,1183.0,721.0,389.99,10.42,27659.22,12126.9,16.66,9.5
,,1,,,0.93,1.84,0.78,41.87,81.23,22.17,24.76,14,0.0,,,,,,5236.0,601.0,967.0,343.0,193.9,74.47,4586.42,1168.99,1.7,22.17
,,1,,,1.0,2.16,0.68,62.1,79.79,9.17,32.53,30,0.0,,,,,,5513.0,659.0,891.0,479.0,401.43,-9.9,11646.02,7223.84,4.37,9.17
,,1,,,0.72,1.61,0.71,25.18,70.48,11.59,21.34,16,0.0,,,,,,5710.0,709.0,377.0,285.0,169.82,178.57,2103.42,1558.43,15.78,11.59
,,1,,,0.61,1.88,0.74,30.64,50.86,7.61,9.13,1,0.0,,,,,,117.0,23.0,69.0,0.0,66.01,410.84,71.13,101.21,0.84,7.61
,,1,,,0.98,2.68,0.69,112.45,71.38,26.7,1.5,49,0.0,,,,,,518.0,35.0,857.0,368.0,198.5,-15.62,6843.67,2475.52,13.96,26.7
,,1,,,0.72,1.7,0.45,51.67,61.94,17.29,5.91,11,0.0,,,,,,575.0,35.0,163.0,128.0,178.28,861.86,232.56,116.29,0.43,17.29
,,1,,,0.74,2.21,0.8,32.47,60.23,31.55,1.11,7,0.0,,,,,,669.0,59.0,726.0,141.0,208.2,87.5,5202.98,1962.5,15.16,31.55
,,1,,,0.85,1.83,0.62,28.56,68.76,12.6,21.81,30,0.0,,,,,,2046.0,193.0,573.0,311.0,138.99,139.9,2366.76,976.7,15.09,12.6
,,1,,,0.8,1.7,0.53,44.2,76.5,33.61,29.46,12,0.0,,,,,,2760.0,284.0,308.0,262.0,318.34,83.26,3396.97,6576.08,3.91,33.61
,,1,,,0.86,2.25,0.81,55.11,67.93,20.56,15.63,19,0.0,,,,,,2964.0,329.0,286.0,152.0,103.88,-90.15,1122.58,184.92,5.12,20.56
,,1,,,0.79,3.14,0.94,140.54,52.61,1.68,2.0,23,0.0,,,,,,3406.0,356.0,433.0,252.0,247.42,167.67,3947.91,3589.69,10.19,1.68
,,1,,,0.96,2.15,0.64,57.36,67.68,18.88,19.95,25,0.0,,,,,,3516.0,367.0,737.0,534.0,141.62,34.48,4147.14,1508.02,12.63,18.88
,,1,,,0.72,1.47,0.8,25.63,72.83,17.1,17.13,28,0.0,,,,,,3516.0,367.0,536.0,297.0,147.54,26.76,2153.65,1281.46,3.07,17.1
,,1,,,0.74,3.56,0.67,139.74,54.27,14.37,29.33,5,0.0,,,,,,4135.0,530.0,180.0,193.0,282.48,710.68,2756.12,7623.08,3.03,14.37
,,1,,,0.73,1.59,0.69,24.3,73.16,25.45,29.31,17,0.0,,,,,,4265.0,530.0,641.0,381.0,515.62,659.21,9530.02,6915.35,4.06,25.45
,,1,,,0.71,1.99,0.53,45.16,53.54,5.97,8.49,3,0.0,,,,,,4701.0,611.0,48.0,365.0,101.81,984.58,110.07,37.12,0.11,5.97
,,1,,,0.72,1.87,0.61,63.63,66.74,46.87,4.33,12,0.0,,,,,,5069.0,659.0,333.0,286.0,175.32,261.48,1996.15,1464.36,1.3,46.87
,,1,,,0.7,1.78,1.0,33.71,65.12,25.15,2.63,0,0.0,,,,,,398.0,35.0,1201.0,267.0,126.53,12.56,4556.05,782.86,11.5,25.15
,,1,,,0.82,1.75,0.73,48.6,66.16,10.71,21.51,12,0.0,,,,,,423.0,86.0,403.0,356.0,161.3,-101.55,2263.51,1799.18,11.55,10.71
,,1,,,0.84,3.37,0.54,98.2,75.76,32.34,4.59,5,0.0,,,,,,552.0,97.0,263.0,356.0,180.76,442.96,1482.56,1949.34,1.87,32.34
,,1,,,0.82,2.1,0.79,46.53,59.78,20.1,14.89,15,0.0,,,,,,564.0,108.0,344.0,263.0,217.88,425.31,2329.07,3190.06,18.44,20.1
,,1,,,0.72,1.72,0.58,25.31,79.21,27.67,5.93,12,0.0,,,,,,663.0,131.0,239.0,193.0,304.77,-128.03,3833.61,6951.88,2.56,27.67
,,1,,,0.79,1.65,0.5,24.46,79.97,19.02,3.57,26,0.0,,,,,,863.0,166.0,378.0,163.0,123.54,158.78,1661.36,544.43,2.92,19.02
,,1,,,0.8,3.8,0.43,131.29,75.09,10.03,3.07,0,0.0,,,,,,1004.0,177.0,117.0,163.0,99.35,441.93,255.51,161.77,0.41,10.03
,,1,,,0.73,1.68,0.56,90.04,65.37,5.07,1.48,17,0.0,,,,,,1342.0,354.0,354.0,251.0,102.76,184.45,596.67,341.26,5.78,5.07
,,1,,,0.97,2.88,0.47,123.68,83.68,20.56,20.46,15,0.0,,,,,,1486.0,354.0,446.0,366.0,240.49,389.7,2289.69,830.02,2.73,20.56
,,1,,,0.84,2.72,0.07,82.86,65.34,38.86,7.51,10,0.0,,,,,,1584.0,390.0,356.0,332.0,199.14,233.59,1804.37,2932.58,7.77,38.86
,,1,,,0.8,2.28,0.76,49.34,64.42,21.45,22.46,21,0.0,,,,,,1768.0,419.0,449.0,291.0,240.56,366.37,3346.08,2709.75,14.44,21.45
,,1,,,1.0,4.43,0.17,250.59,81.21,23.93,40.09,26,0.0,,,,,,2055.0,477.0,658.0,445.0,296.62,31.92,6102.06,2997.85,5.02,23.93
,,1,,,0.75,1.89,1.42,29.84,64.55,41.72,16.18,39,0.0,,,,,,2090.0,511.0,890.0,521.0,295.36,191.38,18732.0,8928.03,6.81,41.72
,,1,,,0.98,2.39,0.79,77.65,72.19,9.58,21.98,41,0.0,,,,,,2101.0,545.0,1063.0,673.0,369.34,30.92,14672.3,6507.44,1.57,9.58
,,1,,,0.98,2.05,0.71,55.58,78.35,7.25,18.31,22,0.0,,,,,,2146.0,545.0,641.0,153.0,182.1,-18.74,3498.06,1525.55,1.18,7.25
,,1,,,0.73,1.68,0.78,34.97,70.76,0.07,30.43,8,0.0,,,,,,2363.0,691.0,209.0,209.0,158.52,473.34,917.21,1083.52,11.5,0.07
,,1,,,0.73,1.67,0.77,22.42,63.71,23.7,27.1,46,0.0,,,,,,2398.0,703.0,1017.0,565.0,360.05,89.25,29412.23,13905.81,5.65,23.7
,,1,,,0.79,2.33,1.45,31.04,60.93,48.3,9.72,32,0.0,,,,,,2539.0,809.0,884.0,603.0,530.26,337.11,30581.74,19134.26,9.1,48.3
,,1,,,0.74,1.89,0.97,28.13,67.83,25.07,1.0,6,0.0,,,,,,2539.0,844.0,238.0,603.0,121.72,96.33,1165.99,1452.62,6.6,25.07
,,1,,,0.85,1.73,0.8,45.63,79.15,5.62,18.0,21,0.0,,,,,,2539.0,844.0,408.0,251.0,208.17,67.84,3275.04,2414.78,3.73,5.62
,,1,,,0.88,2.0,0.65,70.03,83.07,0.42,13.04,10,0.0,,,,,,2596.0,868.0,357.0,329.0,408.21,920.34,2980.09,2358.13,3.88,0.42
,,1,,,0.81,2.1,0.67,43.03,61.28,15.61,43.58,9,0.0,,,,,,2816.0,937.0,163.0,151.0,163.84,-161.96,838.93,1867.54,3.91,15.61
,,1,,,0.84,1.95,0.67,41.82,73.89,5.79,19.4,8,0.0,,,,,,3073.0,954.0,193.0,193.0,179.98,-129.64,1445.53,2436.64,6.06,5.79
,,1,,,0.73,1.58,0.38,24.31,77.26,9.14,5.15,9,0.0,,,,,,3343.0,1037.0,582.0,396.0,188.23,165.24,3389.71,1672.88,4.57,9.14
,,1,,,0.72,1.49,0.39,26.26,74.72,13.37,28.38,15,0.0,,,,,,3546.0,1107.0,513.0,309.0,225.74,200.12,2901.8,1902.99,6.94,13.37
,,1,,,0.73,1.47,0.44,56.21,71.97,1.88,3.34,6,0.0,,,,,,3557.0,1107.0,118.0,264.0,121.49,572.04,308.72,64.35,0.5,1.88
,,1,,,0.89,2.08,0.63,61.48,72.51,1.59,25.08,20,0.0,,,,,,3580.0,1141.0,356.0,211.0,200.37,-132.79,2090.34,1695.67,3.76,1.59
,,1,,,0.66,1.91,1.36,42.18,74.31,27.28,1.85,0,2.0,,,,,,3580.0,1176.0,1011.0,227.0,272.64,133.61,4985.7,2103.03,7.55,27.28
,,1,,,0.8,5.68,1.54,178.88,76.99,59.33,0.71,14,0.0,,,,,,3813.0,1246.0,310.0,240.0,396.54,1038.22,2656.4,2860.42,11.42,59.33
,,1,,,0.72,1.53,0.69,32.74,75.04,19.23,15.78,9,0.0,,,,,,4092.0,1286.0,382.0,369.0,103.08,115.63,1350.69,687.75,4.94,19.23
,,1,,,0.99,2.09,0.4,52.05,74.35,9.7,7.93,40,0.0,,,,,,4572.0,1325.0,1042.0,661.0,593.54,-18.42,25200.74,14440.77,1.34,9.7
,,0,,,0.89,2.1,0.29,40.91,73.15,23.42,6.43,20,0.0,,,,,,436.0,47.0,432.0,292.0,428.07,777.14,6670.64,7559.14,4.78,23.42
,,0,,,0.93,1.95,0.17,64.44,71.94,24.73,15.16,26,0.0,,,,,,743.0,104.0,543.0,333.0,456.02,319.85,17813.57,16838.07,5.72,24.73
,,0,,,0.8,4.1,1.57,81.89,72.17,26.48,25.12,20,0.0,,,,,,974.0,224.0,435.0,297.0,390.51,700.29,5445.84,5772.96,1.67,26.48
,,0,,,0.84,3.11,0.66,92.09,74.15,36.94,22.32,22,0.0,,,,,,974.0,236.0,472.0,309.0,435.15,714.87,8544.22,9083.12,3.48,36.94
,,0,,,0.89,3.64,1.71,71.91,76.38,21.3,15.98,46,0.0,,,,,,1234.0,493.0,867.0,415.0,379.76,365.86,6510.74,3659.51,1.77,21.3
,,0,,,0.84,1.81,0.28,30.47,72.89,26.31,6.1,18,0.0,,,,,,2064.0,585.0,452.0,331.0,317.84,524.44,5146.53,4602.96,3.76,26.31
,,0,,,0.99,2.06,0.18,48.89,73.69,25.24,13.65,35,0.0,,,,,,2290.0,597.0,923.0,428.0,337.74,282.91,10590.06,5372.59,3.64,25.24
,,0,,,0.94,2.04,0.27,43.95,72.57,25.08,5.45,21,0.0,,,,,,3271.0,666.0,444.0,295.0,408.03,638.79,8738.22,11012.14,2.81,25.08
,,0,,,0.92,1.82,0.33,38.09,72.81,33.4,28.69,37,0.0,,,,,,3565.0,666.0,881.0,344.0,346.61,298.82,10400.58,5239.73,2.39,33.4
,,0,,,0.99,2.49,0.26,93.0,73.93,18.21,1.24,22,0.0,,,,,,3849.0,666.0,784.0,346.0,470.16,346.04,15630.44,11235.52,3.49,18.21
,,0,,,0.89,2.94,0.82,71.28,74.19,35.05,15.44,55,0.0,,,,,,3849.0,760.0,1152.0,441.0,409.97,281.0,16729.17,8074.42,1.78,35.05
,,0,,,0.99,2.34,0.27,64.5,74.26,23.56,7.99,36,0.0,,,,,,4158.0,818.0,972.0,437.0,438.86,362.46,14459.04,7616.24,3.08,23.56
,,0,,,0.89,2.07,0.72,67.37,76.56,9.66,3.33,37,0.0,,,,,,4690.0,1153.0,734.0,392.0,431.01,469.81,9919.21,6337.89,2.95,9.66
,,0,,,0.97,2.17,0.61,32.28,75.3,45.49,39.64,46,0.0,,,,,,4829.0,1165.0,1047.0,284.0,343.05,245.44,9537.72,3800.93,1.29,45.49
,,0,,,0.98,1.97,0.28,44.05,73.87,29.76,10.58,36,0.0,,,,,,5116.0,1165.0,763.0,434.0,569.05,452.6,24002.04,18709.34,4.63,29.76
,,0,,,1.0,3.13,0.27,113.86,76.73,25.83,17.32,39,0.0,,,,,,5751.0,1273.0,786.0,420.0,427.81,424.74,12070.69,6651.81,2.35,25.83
,,0,,,0.87,1.82,0.6,26.93,75.42,25.77,6.77,32,0.0,,,,,,6401.0,1273.0,948.0,426.0,521.69,352.9,19111.65,10499.32,2.35,25.77
,,0,,,0.89,4.17,1.46,148.13,74.39,18.61,11.87,62,0.0,,,,,,6685.0,1425.0,901.0,260.0,314.89,285.32,6451.29,3804.49,3.27,18.61
,,0,,,0.81,3.61,0.51,195.99,67.57,4.32,3.14,6,0.0,,,,,,380.0,49.0,195.0,594.0,187.53,314.78,1344.09,2280.49,3.82,4.32
,,0,,,0.79,1.78,0.48,26.87,71.34,15.89,0.11,15,0.0,,,,,,661.0,61.0,333.0,252.0,208.59,386.69,2809.84,2416.5,3.9,15.89
,,0,,,0.82,2.42,0.86,79.39,79.18,0.1,0.39,3,0.0,,,,,,661.0,73.0,227.0,252.0,143.85,91.22,921.36,771.7,7.89,0.1
,,0,,,0.82,2.15,0.81,62.32,81.54,1.74,1.32,6,0.0,,,,,,3310.0,276.0,215.0,320.0,130.5,128.39,1051.43,1071.66,1.56,1.74
,,0,,,1.0,2.31,0.75,77.71,74.99,12.34,17.21,35,0.0,,,,,,4496.0,298.0,849.0,378.0,344.1,203.61,10632.7,5470.38,3.9,12.34
,,0,,,0.88,2.0,1.05,62.06,72.14,25.05,14.33,0,8.0,,,,,,4904.0,334.0,1008.0,260.0,470.83,167.59,15505.7,9093.64,13.52,25.05
,,0,,,0.72,1.61,0.52,26.34,74.74,6.48,2.68,7,0.0,,,,,,6354.0,569.0,117.0,427.0,76.95,285.03,206.26,138.15,1.29,6.48
,,0,,,1.0,4.62,0.85,253.68,76.23,3.4,17.48,52,0.0,,,,,,0.0,12.0,867.0,347.0,282.12,258.69,7342.38,5431.07,1.02,3.4
,,0,,,0.81,4.82,0.9,297.27,67.33,1.29,17.65,11,0.0,,,,,,0.0,36.0,356.0,211.0,516.19,1139.39,11966.24,23430.07,6.95,1.29
,,0,,,0.96,3.37,0.98,111.13,66.21,1.2,6.72,54,0.0,,,,,,0.0,59.0,902.0,357.0,366.33,346.5,5806.86,3671.3,1.7,1.2
,,0,,,0.85,4.58,0.92,319.38,65.19,8.65,4.9,12,0.0,,,,,,0.0,70.0,264.0,213.0,139.76,91.3,975.66,1243.89,3.69,8.65
,,0,,,0.84,2.98,0.85,141.13,62.8,7.88,2.52,15,0.0,,,,,,0.0,83.0,286.0,205.0,493.84,1379.32,5586.07,11073.51,8.48,7.88
,,0,,,0.82,3.21,0.81,88.81,58.84,10.52,5.54,15,0.0,,,,,,24.0,95.0,330.0,244.0,550.54,1401.65,4667.17,7055.25,5.86,10.52
,,0,,,0.85,2.22,0.88,94.82,62.99,0.84,9.07,20,0.0,,,,,,24.0,106.0,460.0,321.0,405.1,11.38,9766.53,13512.03,4.79,0.84
,,0,,,0.94,2.2,0.83,94.85,63.46,12.94,7.57,38,0.0,,,,,,24.0,117.0,759.0,402.0,570.61,176.17,11205.39,10450.25,2.15,12.94
,,0,,,0.94,2.13,0.71,74.01,62.63,12.64,11.69,45,0.0,,,,,,167.0,140.0,777.0,342.0,598.43,205.44,13407.64,10516.55,2.35,12.64
,,0,,,0.77,2.9,0.77,87.19,55.31,1.54,2.54,8,0.0,,,,,,271.0,151.0,205.0,205.0,419.14,1660.55,2106.91,5065.55,5.53,1.54
,,0,,,0.93,2.87,0.85,112.11,62.06,3.63,3.14,31,0.0,,,,,,271.0,174.0,595.0,321.0,444.22,198.52,10944.87,12466.18,1.01,3.63
,,0,,,0.75,1.76,0.75,45.98,62.15,4.9,3.26,13,0.0,,,,,,388.0,187.0,308.0,251.0,379.96,393.22,5329.46,10232.11,4.9,4.9
,,0,,,0.8,2.38,0.73,93.53,54.52,9.12,7.62,17,0.0,,,,,,666.0,212.0,331.0,227.0,377.49,198.32,4490.63,8089.72,11.49,9.12
,,0,,,0.91,2.06,0.76,73.83,62.97,7.26,6.44,14,0.0,,,,,,759.0,223.0,433.0,363.0,529.41,102.93,11988.65,17443.39,8.69,7.26
,,0,,,0.94,2.5,0.73,78.35,62.83,4.53,6.93,20,0.0,,,,,,889.0,248.0,713.0,371.0,545.53,136.4,16818.36,14137.24,1.43,4.53
,,0,,,0.8,2.5,0.72,114.07,57.79,1.58,2.29,10,0.0,,,,,,982.0,260.0,199.0,175.0,525.19,140.56,9128.66,28950.22,3.28,1.58
,,0,,,0.95,2.24,0.78,114.13,66.13,9.49,4.6,20,0.0,,,,,,1018.0,271.0,642.0,275.0,543.32,232.9,19038.38,17230.41,2.15,9.49
,,0,,,0.9,2.02,0.78,54.51,55.81,7.4,9.12,24,0.0,,,,,,1350.0,284.0,549.0,355.0,533.61,203.46,13901.72,15269.36,2.97,7.4
,,0,,,0.85,1.8,0.76,34.21,61.65,3.99,12.32,33,0.0,,,,,,1618.0,307.0,757.0,461.0,413.29,134.79,9883.46,6770.12,0.29,3.99
,,0,,,0.67,1.79,0.82,35.76,59.53,3.75,10.83,3,0.0,,,,,,1842.0,331.0,285.0,181.0,282.23,614.22,2884.56,4283.18,2.34,3.75
,,0,,,0.78,2.99,0.7,134.8,50.1,16.87,9.46,13,0.0,,,,,,2147.0,383.0,346.0,281.0,347.38,825.78,1799.36,1684.06,8.47,16.87
,,0,,,0.86,2.28,0.87,63.54,66.15,10.55,13.11,15,0.0,,,,,,2147.0,395.0,282.0,202.0,457.5,60.93,6679.01,12971.44,6.83,10.55
,,0,,,0.95,3.37,0.79,131.56,64.29,11.56,14.64,18,0.0,,,,,,2183.0,406.0,620.0,275.0,514.91,584.19,10991.37,9260.32,3.59,11.56
,,0,,,0.87,2.47,0.74,53.26,60.27,17.87,14.1,6,0.0,,,,,,2454.0,429.0,520.0,311.0,500.03,788.74,7055.32,6161.89,0.03,17.87
,,0,,,0.9,1.73,0.77,40.87,75.99,1.88,0.83,19,0.0,,,,,,2927.0,477.0,789.0,182.0,404.02,98.71,7165.9,3672.41,6.73,1.88
,,0,,,0.83,2.53,0.77,56.99,60.26,7.1,6.0,19,0.0,,,,,,3656.0,513.0,350.0,217.0,538.14,88.92,9914.55,16954.54,8.42,7.1
